[2026-08-19 06:48:28] production.ERROR: The C:\xampp\htdocs\ScoreTime_FullStack_V1.3\backend-laravel\bootstrap\cache directory must be present and writable. {"exception":"[object] (Exception(code: 0): The C:\\xampp\\htdocs\\ScoreTime_FullStack_V1.3\\backend-laravel\\bootstrap\\cache directory must be present and writable. at C:/xampp/htdocs/ScoreTime_FullStack_V1.3/backend-laravel/vendor/laravel/framework/src/Illuminate/Foundation/PackageManifest.php:179)
[stacktrace]
#0 C:/xampp/htdocs/ScoreTime_FullStack_V1.3/backend-laravel/vendor/laravel/framework/src/Illuminate/Foundation/PackageManifest.php(132): Illuminate/Foundation/PackageManifest->write(Array)
#1 C:/xampp/htdocs/ScoreTime_FullStack_V1.3/backend-laravel/vendor/laravel/framework/src/Illuminate/Foundation/PackageManifest.php(108): Illuminate/Foundation/PackageManifest->build()
#2 C:/xampp/htdocs/ScoreTime_FullStack_V1.3/backend-laravel/vendor/laravel/framework/src/Illuminate/Foundation/PackageManifest.php(90): Illuminate/Foundation/PackageManifest->getManifest()
#3 C:/xampp/htdocs/ScoreTime_FullStack_V1.3/backend-laravel/vendor/laravel/framework/src/Illuminate/Foundation/PackageManifest.php(79): Illuminate/Foundation/PackageManifest->config('aliases')
#4 C:/xampp/htdocs/ScoreTime_FullStack_V1.3/backend-laravel/vendor/laravel/framework/src/Illuminate/Foundation/Bootstrap/RegisterFacades.php(26): Illuminate/Foundation/PackageManifest->aliases()
#5 C:/xampp/htdocs/ScoreTime_FullStack_V1.3/backend-laravel/vendor/laravel/framework/src/Illuminate/Foundation/Application.php(342): Illuminate/Foundation/Bootstrap/RegisterFacades->bootstrap(Object(Illuminate/Foundation/Application))
#6 C:/xampp/htdocs/ScoreTime_FullStack_V1.3/backend-laravel/vendor/laravel/framework/src/Illuminate/Foundation/Console/Kernel.php(494): Illuminate/Foundation/Application->bootstrapWith(Array)
#7 C:/xampp/htdocs/ScoreTime_FullStack_V1.3/backend-laravel/vendor/laravel/framework/src/Illuminate/Foundation/Console/Kernel.php(196): Illuminate/Foundation/Console/Kernel->bootstrap()
#8 C:/xampp/htdocs/ScoreTime_FullStack_V1.3/backend-laravel/vendor/laravel/framework/src/Illuminate/Foundation/Application.php(1235): Illuminate/Foundation/Console/Kernel->handle(Object(Symfony/Component/Console/Input/ArgvInput), Object(Symfony/Component/Console/Output/ConsoleOutput))
#9 C:/xampp/htdocs/ScoreTime_FullStack_V1.3/backend-laravel/artisan(5): Illuminate/Foundation/Application->handleCommand(Object(Symfony/Component/Console/Input/ArgvInput))
#10 {main}
"} 
[2026-08-19 06:55:41] local.ERROR: SQLSTATE[HY000] [2002] No connection could be made because the target machine actively refused it (Connection: mysql, Host: 127.0.0.1, Port: 3306, Database: football_global, SQL: select exists (select 1 from information_schema.tables where table_schema = schema() and table_name = 'migrations' and table_type in ('BASE TABLE', 'SYSTEM VERSIONED')) as `exists`) {"exception":"[object] (Illuminate\\Database\\QueryException(code: 2002): SQLSTATE[HY000] [2002] No connection could be made because the target machine actively refused it (Connection: mysql, Host: 127.0.0.1, Port: 3306, Database: football_global, SQL: select exists (select 1 from information_schema.tables where table_schema = schema() and table_name = 'migrations' and table_type in ('BASE TABLE', 'SYSTEM VERSIONED')) as `exists`) at C:/xampp/htdocs/ScoreTime_FullStack_V1.3/backend-laravel/vendor/laravel/framework/src/Illuminate/Database/Connection.php:838)
[stacktrace]
#0 C:/xampp/htdocs/ScoreTime_FullStack_V1.3/backend-laravel/vendor/laravel/framework/src/Illuminate/Database/Connection.php(999): Illuminate/Database/Connection->runQueryCallback('select exists (...', Array, Object(Closure))
#1 C:/xampp/htdocs/ScoreTime_FullStack_V1.3/backend-laravel/vendor/laravel/framework/src/Illuminate/Database/Connection.php(978): Illuminate/Database/Connection->tryAgainIfCausedByLostConnection(Object(Illuminate/Database/QueryException), 'select exists (...', Array, Object(Closure))
#2 C:/xampp/htdocs/ScoreTime_FullStack_V1.3/backend-laravel/vendor/laravel/framework/src/Illuminate/Database/Connection.php(796): Illuminate/Database/Connection->handleQueryException(Object(Illuminate/Database/QueryException), 'select exists (...', Array, Object(Closure))
#3 C:/xampp/htdocs/ScoreTime_FullStack_V1.3/backend-laravel/vendor/laravel/framework/src/Illuminate/Database/Connection.php(411): Illuminate/Database/Connection->run('select exists (...', Array, Object(Closure))
#4 C:/xampp/htdocs/ScoreTime_FullStack_V1.3/backend-laravel/vendor/laravel/framework/src/Illuminate/Database/Connection.php(357): Illuminate/Database/Connection->select('select exists (...', Array, true)
#5 C:/xampp/htdocs/ScoreTime_FullStack_V1.3/backend-laravel/vendor/laravel/framework/src/Illuminate/Database/Connection.php(374): Illuminate/Database/Connection->selectOne('select exists (...', Array, true)
#6 C:/xampp/htdocs/ScoreTime_FullStack_V1.3/backend-laravel/vendor/laravel/framework/src/Illuminate/Database/Schema/Builder.php(176): Illuminate/Database/Connection->scalar('select exists (...')
#7 C:/xampp/htdocs/ScoreTime_FullStack_V1.3/backend-laravel/vendor/laravel/framework/src/Illuminate/Database/Migrations/DatabaseMigrationRepository.php(185): Illuminate/Database/Schema/Builder->hasTable('migrations')
#8 C:/xampp/htdocs/ScoreTime_FullStack_V1.3/backend-laravel/vendor/laravel/framework/src/Illuminate/Database/Migrations/Migrator.php(758): Illuminate/Database/Migrations/DatabaseMigrationRepository->repositoryExists()
#9 C:/xampp/htdocs/ScoreTime_FullStack_V1.3/backend-laravel/vendor/laravel/framework/src/Illuminate/Database/Console/Migrations/MigrateCommand.php(164): Illuminate/Database/Migrations/Migrator->repositoryExists()
#10 C:/xampp/htdocs/ScoreTime_FullStack_V1.3/backend-laravel/vendor/laravel/framework/src/Illuminate/Support/helpers.php(328): Illuminate/Database/Console/Migrations/MigrateCommand->Illuminate/Database/Console/Migrations/{closure}(1)
#11 C:/xampp/htdocs/ScoreTime_FullStack_V1.3/backend-laravel/vendor/laravel/framework/src/Illuminate/Database/Console/Migrations/MigrateCommand.php(164): retry(1, Object(Closure), 0, Object(Closure))
#12 C:/xampp/htdocs/ScoreTime_FullStack_V1.3/backend-laravel/vendor/laravel/framework/src/Illuminate/Database/Console/Migrations/MigrateCommand.php(140): Illuminate/Database/Console/Migrations/MigrateCommand->repositoryExists()
#13 C:/xampp/htdocs/ScoreTime_FullStack_V1.3/backend-laravel/vendor/laravel/framework/src/Illuminate/Database/Console/Migrations/MigrateCommand.php(110): Illuminate/Database/Console/Migrations/MigrateCommand->prepareDatabase()
#14 C:/xampp/htdocs/ScoreTime_FullStack_V1.3/backend-laravel/vendor/laravel/framework/src/Illuminate/Database/Migrations/Migrator.php(671): Illuminate/Database/Console/Migrations/MigrateCommand->Illuminate/Database/Console/Migrations/{closure}()
#15 C:/xampp/htdocs/ScoreTime_FullStack_V1.3/backend-laravel/vendor/laravel/framework/src/Illuminate/Database/Console/Migrations/MigrateCommand.php(109): Illuminate/Database/Migrations/Migrator->usingConnection(NULL, Object(Closure))
#16 C:/xampp/htdocs/ScoreTime_FullStack_V1.3/backend-laravel/vendor/laravel/framework/src/Illuminate/Database/Console/Migrations/MigrateCommand.php(88): Illuminate/Database/Console/Migrations/MigrateCommand->runMigrations()
#17 C:/xampp/htdocs/ScoreTime_FullStack_V1.3/backend-laravel/vendor/laravel/framework/src/Illuminate/Container/BoundMethod.php(36): Illuminate/Database/Console/Migrations/MigrateCommand->handle()
#18 C:/xampp/htdocs/ScoreTime_FullStack_V1.3/backend-laravel/vendor/laravel/framework/src/Illuminate/Container/Util.php(43): Illuminate/Container/BoundMethod::Illuminate/Container/{closure}()
#19 C:/xampp/htdocs/ScoreTime_FullStack_V1.3/backend-laravel/vendor/laravel/framework/src/Illuminate/Container/BoundMethod.php(96): Illuminate/Container/Util::unwrapIfClosure(Object(Closure))
#20 C:/xampp/htdocs/ScoreTime_FullStack_V1.3/backend-laravel/vendor/laravel/framework/src/Illuminate/Container/BoundMethod.php(35): Illuminate/Container/BoundMethod::callBoundMethod(Object(Illuminate/Foundation/Application), Array, Object(Closure))
#21 C:/xampp/htdocs/ScoreTime_FullStack_V1.3/backend-laravel/vendor/laravel/framework/src/Illuminate/Container/Container.php(799): Illuminate/Container/BoundMethod::call(Object(Illuminate/Foundation/Application), Array, Array, NULL)
#22 C:/xampp/htdocs/ScoreTime_FullStack_V1.3/backend-laravel/vendor/laravel/framework/src/Illuminate/Console/Command.php(211): Illuminate/Container/Container->call(Array)
#23 C:/xampp/htdocs/ScoreTime_FullStack_V1.3/backend-laravel/vendor/symfony/console/Command/Command.php(341): Illuminate/Console/Command->execute(Object(Symfony/Component/Console/Input/ArgvInput), Object(Illuminate/Console/OutputStyle))
#24 C:/xampp/htdocs/ScoreTime_FullStack_V1.3/backend-laravel/vendor/laravel/framework/src/Illuminate/Console/Command.php(180): Symfony/Component/Console/Command/Command->run(Object(Symfony/Component/Console/Input/ArgvInput), Object(Illuminate/Console/OutputStyle))
#25 C:/xampp/htdocs/ScoreTime_FullStack_V1.3/backend-laravel/vendor/symfony/console/Application.php(1117): Illuminate/Console/Command->run(Object(Symfony/Component/Console/Input/ArgvInput), Object(Symfony/Component/Console/Output/ConsoleOutput))
#26 C:/xampp/htdocs/ScoreTime_FullStack_V1.3/backend-laravel/vendor/symfony/console/Application.php(356): Symfony/Component/Console/Application->doRunCommand(Object(Illuminate/Database/Console/Migrations/MigrateCommand), Object(Symfony/Component/Console/Input/ArgvInput), Object(Symfony/Component/Console/Output/ConsoleOutput))
#27 C:/xampp/htdocs/ScoreTime_FullStack_V1.3/backend-laravel/vendor/symfony/console/Application.php(195): Symfony/Component/Console/Application->doRun(Object(Symfony/Component/Console/Input/ArgvInput), Object(Symfony/Component/Console/Output/ConsoleOutput))
#28 C:/xampp/htdocs/ScoreTime_FullStack_V1.3/backend-laravel/vendor/laravel/framework/src/Illuminate/Foundation/Console/Kernel.php(198): Symfony/Component/Console/Application->run(Object(Symfony/Component/Console/Input/ArgvInput), Object(Symfony/Component/Console/Output/ConsoleOutput))
#29 C:/xampp/htdocs/ScoreTime_FullStack_V1.3/backend-laravel/vendor/laravel/framework/src/Illuminate/Foundation/Application.php(1235): Illuminate/Foundation/Console/Kernel->handle(Object(Symfony/Component/Console/Input/ArgvInput), Object(Symfony/Component/Console/Output/ConsoleOutput))
#30 C:/xampp/htdocs/ScoreTime_FullStack_V1.3/backend-laravel/artisan(5): Illuminate/Foundation/Application->handleCommand(Object(Symfony/Component/Console/Input/ArgvInput))
#31 {main}

[previous exception] [object] (PDOException(code: 2002): SQLSTATE[HY000] [2002] No connection could be made because the target machine actively refused it at C:/xampp/htdocs/ScoreTime_FullStack_V1.3/backend-laravel/vendor/laravel/framework/src/Illuminate/Database/Connectors/Connector.php:66)
[stacktrace]
#0 C:/xampp/htdocs/ScoreTime_FullStack_V1.3/backend-laravel/vendor/laravel/framework/src/Illuminate/Database/Connectors/Connector.php(66): PDO->__construct('mysql:host=127....', 'root', Object(SensitiveParameterValue), Array)
#1 C:/xampp/htdocs/ScoreTime_FullStack_V1.3/backend-laravel/vendor/laravel/framework/src/Illuminate/Database/Connectors/Connector.php(85): Illuminate/Database/Connectors/Connector->createPdoConnection('mysql:host=127....', 'root', Object(SensitiveParameterValue), Array)
#2 C:/xampp/htdocs/ScoreTime_FullStack_V1.3/backend-laravel/vendor/laravel/framework/src/Illuminate/Database/Connectors/Connector.php(48): Illuminate/Database/Connectors/Connector->tryAgainIfCausedByLostConnection(Object(PDOException), 'mysql:host=127....', 'root', Object(SensitiveParameterValue), Array)
#3 C:/xampp/htdocs/ScoreTime_FullStack_V1.3/backend-laravel/vendor/laravel/framework/src/Illuminate/Database/Connectors/MySqlConnector.php(24): Illuminate/Database/Connectors/Connector->createConnection('mysql:host=127....', Array, Array)
#4 C:/xampp/htdocs/ScoreTime_FullStack_V1.3/backend-laravel/vendor/laravel/framework/src/Illuminate/Database/Connectors/ConnectionFactory.php(186): Illuminate/Database/Connectors/MySqlConnector->connect(Array)
#5 [internal function]: Illuminate/Database/Connectors/ConnectionFactory->Illuminate/Database/Connectors/{closure}()
#6 C:/xampp/htdocs/ScoreTime_FullStack_V1.3/backend-laravel/vendor/laravel/framework/src/Illuminate/Database/Connection.php(1257): call_user_func(Object(Closure))
#7 C:/xampp/htdocs/ScoreTime_FullStack_V1.3/backend-laravel/vendor/laravel/framework/src/Illuminate/Database/Connection.php(1295): Illuminate/Database/Connection->getPdo()
#8 C:/xampp/htdocs/ScoreTime_FullStack_V1.3/backend-laravel/vendor/laravel/framework/src/Illuminate/Database/Connection.php(525): Illuminate/Database/Connection->getReadPdo()
#9 C:/xampp/htdocs/ScoreTime_FullStack_V1.3/backend-laravel/vendor/laravel/framework/src/Illuminate/Database/Connection.php(420): Illuminate/Database/Connection->getPdoForSelect(true)
#10 C:/xampp/htdocs/ScoreTime_FullStack_V1.3/backend-laravel/vendor/laravel/framework/src/Illuminate/Database/Connection.php(827): Illuminate/Database/Connection->Illuminate/Database/{closure}('select exists (...', Array)
#11 C:/xampp/htdocs/ScoreTime_FullStack_V1.3/backend-laravel/vendor/laravel/framework/src/Illuminate/Database/Connection.php(999): Illuminate/Database/Connection->runQueryCallback('select exists (...', Array, Object(Closure))
#12 C:/xampp/htdocs/ScoreTime_FullStack_V1.3/backend-laravel/vendor/laravel/framework/src/Illuminate/Database/Connection.php(978): Illuminate/Database/Connection->tryAgainIfCausedByLostConnection(Object(Illuminate/Database/QueryException), 'select exists (...', Array, Object(Closure))
#13 C:/xampp/htdocs/ScoreTime_FullStack_V1.3/backend-laravel/vendor/laravel/framework/src/Illuminate/Database/Connection.php(796): Illuminate/Database/Connection->handleQueryException(Object(Illuminate/Database/QueryException), 'select exists (...', Array, Object(Closure))
#14 C:/xampp/htdocs/ScoreTime_FullStack_V1.3/backend-laravel/vendor/laravel/framework/src/Illuminate/Database/Connection.php(411): Illuminate/Database/Connection->run('select exists (...', Array, Object(Closure))
#15 C:/xampp/htdocs/ScoreTime_FullStack_V1.3/backend-laravel/vendor/laravel/framework/src/Illuminate/Database/Connection.php(357): Illuminate/Database/Connection->select('select exists (...', Array, true)
#16 C:/xampp/htdocs/ScoreTime_FullStack_V1.3/backend-laravel/vendor/laravel/framework/src/Illuminate/Database/Connection.php(374): Illuminate/Database/Connection->selectOne('select exists (...', Array, true)
#17 C:/xampp/htdocs/ScoreTime_FullStack_V1.3/backend-laravel/vendor/laravel/framework/src/Illuminate/Database/Schema/Builder.php(176): Illuminate/Database/Connection->scalar('select exists (...')
#18 C:/xampp/htdocs/ScoreTime_FullStack_V1.3/backend-laravel/vendor/laravel/framework/src/Illuminate/Database/Migrations/DatabaseMigrationRepository.php(185): Illuminate/Database/Schema/Builder->hasTable('migrations')
#19 C:/xampp/htdocs/ScoreTime_FullStack_V1.3/backend-laravel/vendor/laravel/framework/src/Illuminate/Database/Migrations/Migrator.php(758): Illuminate/Database/Migrations/DatabaseMigrationRepository->repositoryExists()
#20 C:/xampp/htdocs/ScoreTime_FullStack_V1.3/backend-laravel/vendor/laravel/framework/src/Illuminate/Database/Console/Migrations/MigrateCommand.php(164): Illuminate/Database/Migrations/Migrator->repositoryExists()
#21 C:/xampp/htdocs/ScoreTime_FullStack_V1.3/backend-laravel/vendor/laravel/framework/src/Illuminate/Support/helpers.php(328): Illuminate/Database/Console/Migrations/MigrateCommand->Illuminate/Database/Console/Migrations/{closure}(1)
#22 C:/xampp/htdocs/ScoreTime_FullStack_V1.3/backend-laravel/vendor/laravel/framework/src/Illuminate/Database/Console/Migrations/MigrateCommand.php(164): retry(1, Object(Closure), 0, Object(Closure))
#23 C:/xampp/htdocs/ScoreTime_FullStack_V1.3/backend-laravel/vendor/laravel/framework/src/Illuminate/Database/Console/Migrations/MigrateCommand.php(140): Illuminate/Database/Console/Migrations/MigrateCommand->repositoryExists()
#24 C:/xampp/htdocs/ScoreTime_FullStack_V1.3/backend-laravel/vendor/laravel/framework/src/Illuminate/Database/Console/Migrations/MigrateCommand.php(110): Illuminate/Database/Console/Migrations/MigrateCommand->prepareDatabase()
#25 C:/xampp/htdocs/ScoreTime_FullStack_V1.3/backend-laravel/vendor/laravel/framework/src/Illuminate/Database/Migrations/Migrator.php(671): Illuminate/Database/Console/Migrations/MigrateCommand->Illuminate/Database/Console/Migrations/{closure}()
#26 C:/xampp/htdocs/ScoreTime_FullStack_V1.3/backend-laravel/vendor/laravel/framework/src/Illuminate/Database/Console/Migrations/MigrateCommand.php(109): Illuminate/Database/Migrations/Migrator->usingConnection(NULL, Object(Closure))
#27 C:/xampp/htdocs/ScoreTime_FullStack_V1.3/backend-laravel/vendor/laravel/framework/src/Illuminate/Database/Console/Migrations/MigrateCommand.php(88): Illuminate/Database/Console/Migrations/MigrateCommand->runMigrations()
#28 C:/xampp/htdocs/ScoreTime_FullStack_V1.3/backend-laravel/vendor/laravel/framework/src/Illuminate/Container/BoundMethod.php(36): Illuminate/Database/Console/Migrations/MigrateCommand->handle()
#29 C:/xampp/htdocs/ScoreTime_FullStack_V1.3/backend-laravel/vendor/laravel/framework/src/Illuminate/Container/Util.php(43): Illuminate/Container/BoundMethod::Illuminate/Container/{closure}()
#30 C:/xampp/htdocs/ScoreTime_FullStack_V1.3/backend-laravel/vendor/laravel/framework/src/Illuminate/Container/BoundMethod.php(96): Illuminate/Container/Util::unwrapIfClosure(Object(Closure))
#31 C:/xampp/htdocs/ScoreTime_FullStack_V1.3/backend-laravel/vendor/laravel/framework/src/Illuminate/Container/BoundMethod.php(35): Illuminate/Container/BoundMethod::callBoundMethod(Object(Illuminate/Foundation/Application), Array, Object(Closure))
#32 C:/xampp/htdocs/ScoreTime_FullStack_V1.3/backend-laravel/vendor/laravel/framework/src/Illuminate/Container/Container.php(799): Illuminate/Container/BoundMethod::call(Object(Illuminate/Foundation/Application), Array, Array, NULL)
#33 C:/xampp/htdocs/ScoreTime_FullStack_V1.3/backend-laravel/vendor/laravel/framework/src/Illuminate/Console/Command.php(211): Illuminate/Container/Container->call(Array)
#34 C:/xampp/htdocs/ScoreTime_FullStack_V1.3/backend-laravel/vendor/symfony/console/Command/Command.php(341): Illuminate/Console/Command->execute(Object(Symfony/Component/Console/Input/ArgvInput), Object(Illuminate/Console/OutputStyle))
#35 C:/xampp/htdocs/ScoreTime_FullStack_V1.3/backend-laravel/vendor/laravel/framework/src/Illuminate/Console/Command.php(180): Symfony/Component/Console/Command/Command->run(Object(Symfony/Component/Console/Input/ArgvInput), Object(Illuminate/Console/OutputStyle))
#36 C:/xampp/htdocs/ScoreTime_FullStack_V1.3/backend-laravel/vendor/symfony/console/Application.php(1117): Illuminate/Console/Command->run(Object(Symfony/Component/Console/Input/ArgvInput), Object(Symfony/Component/Console/Output/ConsoleOutput))
#37 C:/xampp/htdocs/ScoreTime_FullStack_V1.3/backend-laravel/vendor/symfony/console/Application.php(356): Symfony/Component/Console/Application->doRunCommand(Object(Illuminate/Database/Console/Migrations/MigrateCommand), Object(Symfony/Component/Console/Input/ArgvInput), Object(Symfony/Component/Console/Output/ConsoleOutput))
#38 C:/xampp/htdocs/ScoreTime_FullStack_V1.3/backend-laravel/vendor/symfony/console/Application.php(195): Symfony/Component/Console/Application->doRun(Object(Symfony/Component/Console/Input/ArgvInput), Object(Symfony/Component/Console/Output/ConsoleOutput))
#39 C:/xampp/htdocs/ScoreTime_FullStack_V1.3/backend-laravel/vendor/laravel/framework/src/Illuminate/Foundation/Console/Kernel.php(198): Symfony/Component/Console/Application->run(Object(Symfony/Component/Console/Input/ArgvInput), Object(Symfony/Component/Console/Output/ConsoleOutput))
#40 C:/xampp/htdocs/ScoreTime_FullStack_V1.3/backend-laravel/vendor/laravel/framework/src/Illuminate/Foundation/Application.php(1235): Illuminate/Foundation/Console/Kernel->handle(Object(Symfony/Component/Console/Input/ArgvInput), Object(Symfony/Component/Console/Output/ConsoleOutput))
#41 C:/xampp/htdocs/ScoreTime_FullStack_V1.3/backend-laravel/artisan(5): Illuminate/Foundation/Application->handleCommand(Object(Symfony/Component/Console/Input/ArgvInput))
#42 {main}
"} 
[2026-08-19 06:56:50] local.ERROR: SQLSTATE[42000]: Syntax error or access violation: 1067 Invalid default value for 'ends_at' (Connection: mysql, Host: 127.0.0.1, Port: 3306, Database: football_global, SQL: create table `prediction_seasons` (`id` bigint unsigned not null auto_increment primary key, `name` varchar(120) not null, `slug` varchar(140) not null, `starts_at` timestamp not null, `ends_at` timestamp not null, `is_active` tinyint(1) not null default '1', `scoring_rules` json null, `created_at` timestamp null, `updated_at` timestamp null) default character set utf8mb4 collate 'utf8mb4_unicode_ci') {"exception":"[object] (Illuminate\\Database\\QueryException(code: 42000): SQLSTATE[42000]: Syntax error or access violation: 1067 Invalid default value for 'ends_at' (Connection: mysql, Host: 127.0.0.1, Port: 3306, Database: football_global, SQL: create table `prediction_seasons` (`id` bigint unsigned not null auto_increment primary key, `name` varchar(120) not null, `slug` varchar(140) not null, `starts_at` timestamp not null, `ends_at` timestamp not null, `is_active` tinyint(1) not null default '1', `scoring_rules` json null, `created_at` timestamp null, `updated_at` timestamp null) default character set utf8mb4 collate 'utf8mb4_unicode_ci') at C:/xampp/htdocs/ScoreTime_FullStack_V1.3/backend-laravel/vendor/laravel/framework/src/Illuminate/Database/Connection.php:838)
[stacktrace]
#0 C:/xampp/htdocs/ScoreTime_FullStack_V1.3/backend-laravel/vendor/laravel/framework/src/Illuminate/Database/Connection.php(794): Illuminate/Database/Connection->runQueryCallback('create table `p...', Array, Object(Closure))
#1 C:/xampp/htdocs/ScoreTime_FullStack_V1.3/backend-laravel/vendor/laravel/framework/src/Illuminate/Database/Connection.php(573): Illuminate/Database/Connection->run('create table `p...', Array, Object(Closure))
#2 C:/xampp/htdocs/ScoreTime_FullStack_V1.3/backend-laravel/vendor/laravel/framework/src/Illuminate/Database/Schema/Blueprint.php(121): Illuminate/Database/Connection->statement('create table `p...')
#3 C:/xampp/htdocs/ScoreTime_FullStack_V1.3/backend-laravel/vendor/laravel/framework/src/Illuminate/Database/Schema/Builder.php(686): Illuminate/Database/Schema/Blueprint->build()
#4 C:/xampp/htdocs/ScoreTime_FullStack_V1.3/backend-laravel/vendor/laravel/framework/src/Illuminate/Database/Schema/Builder.php(506): Illuminate/Database/Schema/Builder->build(Object(Illuminate/Database/Schema/Blueprint))
#5 C:/xampp/htdocs/ScoreTime_FullStack_V1.3/backend-laravel/vendor/laravel/framework/src/Illuminate/Support/Facades/Facade.php(363): Illuminate/Database/Schema/Builder->create('prediction_seas...', Object(Closure))
#6 C:/xampp/htdocs/ScoreTime_FullStack_V1.3/backend-laravel/database/migrations/2026_08_19_000012_create_v07_global_realtime_features.php(9): Illuminate/Support/Facades/Facade::__callStatic('create', Array)
#7 C:/xampp/htdocs/ScoreTime_FullStack_V1.3/backend-laravel/vendor/laravel/framework/src/Illuminate/Database/Migrations/Migrator.php(517): Illuminate/Database/Migrations/Migration@anonymous->up()
#8 C:/xampp/htdocs/ScoreTime_FullStack_V1.3/backend-laravel/vendor/laravel/framework/src/Illuminate/Database/Migrations/Migrator.php(442): Illuminate/Database/Migrations/Migrator->runMethod(Object(Illuminate/Database/MySqlConnection), Object(Illuminate/Database/Migrations/Migration@anonymous), 'up')
#9 C:/xampp/htdocs/ScoreTime_FullStack_V1.3/backend-laravel/vendor/laravel/framework/src/Illuminate/Database/Migrations/Migrator.php(451): Illuminate/Database/Migrations/Migrator->Illuminate/Database/Migrations/{closure}()
#10 C:/xampp/htdocs/ScoreTime_FullStack_V1.3/backend-laravel/vendor/laravel/framework/src/Illuminate/Database/Migrations/Migrator.php(253): Illuminate/Database/Migrations/Migrator->runMigration(Object(Illuminate/Database/Migrations/Migration@anonymous), 'up')
#11 C:/xampp/htdocs/ScoreTime_FullStack_V1.3/backend-laravel/vendor/laravel/framework/src/Illuminate/Console/View/Components/Task.php(41): Illuminate/Database/Migrations/Migrator->Illuminate/Database/Migrations/{closure}()
#12 C:/xampp/htdocs/ScoreTime_FullStack_V1.3/backend-laravel/vendor/laravel/framework/src/Illuminate/Database/Migrations/Migrator.php(814): Illuminate/Console/View/Components/Task->render('2026_08_19_0000...', Object(Closure))
#13 C:/xampp/htdocs/ScoreTime_FullStack_V1.3/backend-laravel/vendor/laravel/framework/src/Illuminate/Database/Migrations/Migrator.php(253): Illuminate/Database/Migrations/Migrator->write('Illuminate//Cons...', '2026_08_19_0000...', Object(Closure))
#14 C:/xampp/htdocs/ScoreTime_FullStack_V1.3/backend-laravel/vendor/laravel/framework/src/Illuminate/Database/Migrations/Migrator.php(211): Illuminate/Database/Migrations/Migrator->runUp('C://xampp//htdocs...', 1, false)
#15 C:/xampp/htdocs/ScoreTime_FullStack_V1.3/backend-laravel/vendor/laravel/framework/src/Illuminate/Database/Migrations/Migrator.php(138): Illuminate/Database/Migrations/Migrator->runPending(Array, Array)
#16 C:/xampp/htdocs/ScoreTime_FullStack_V1.3/backend-laravel/vendor/laravel/framework/src/Illuminate/Database/Console/Migrations/MigrateCommand.php(116): Illuminate/Database/Migrations/Migrator->run(Array, Array)
#17 C:/xampp/htdocs/ScoreTime_FullStack_V1.3/backend-laravel/vendor/laravel/framework/src/Illuminate/Database/Migrations/Migrator.php(671): Illuminate/Database/Console/Migrations/MigrateCommand->Illuminate/Database/Console/Migrations/{closure}()
#18 C:/xampp/htdocs/ScoreTime_FullStack_V1.3/backend-laravel/vendor/laravel/framework/src/Illuminate/Database/Console/Migrations/MigrateCommand.php(109): Illuminate/Database/Migrations/Migrator->usingConnection(NULL, Object(Closure))
#19 C:/xampp/htdocs/ScoreTime_FullStack_V1.3/backend-laravel/vendor/laravel/framework/src/Illuminate/Database/Console/Migrations/MigrateCommand.php(88): Illuminate/Database/Console/Migrations/MigrateCommand->runMigrations()
#20 C:/xampp/htdocs/ScoreTime_FullStack_V1.3/backend-laravel/vendor/laravel/framework/src/Illuminate/Container/BoundMethod.php(36): Illuminate/Database/Console/Migrations/MigrateCommand->handle()
#21 C:/xampp/htdocs/ScoreTime_FullStack_V1.3/backend-laravel/vendor/laravel/framework/src/Illuminate/Container/Util.php(43): Illuminate/Container/BoundMethod::Illuminate/Container/{closure}()
#22 C:/xampp/htdocs/ScoreTime_FullStack_V1.3/backend-laravel/vendor/laravel/framework/src/Illuminate/Container/BoundMethod.php(96): Illuminate/Container/Util::unwrapIfClosure(Object(Closure))
#23 C:/xampp/htdocs/ScoreTime_FullStack_V1.3/backend-laravel/vendor/laravel/framework/src/Illuminate/Container/BoundMethod.php(35): Illuminate/Container/BoundMethod::callBoundMethod(Object(Illuminate/Foundation/Application), Array, Object(Closure))
#24 C:/xampp/htdocs/ScoreTime_FullStack_V1.3/backend-laravel/vendor/laravel/framework/src/Illuminate/Container/Container.php(799): Illuminate/Container/BoundMethod::call(Object(Illuminate/Foundation/Application), Array, Array, NULL)
#25 C:/xampp/htdocs/ScoreTime_FullStack_V1.3/backend-laravel/vendor/laravel/framework/src/Illuminate/Console/Command.php(211): Illuminate/Container/Container->call(Array)
#26 C:/xampp/htdocs/ScoreTime_FullStack_V1.3/backend-laravel/vendor/symfony/console/Command/Command.php(341): Illuminate/Console/Command->execute(Object(Symfony/Component/Console/Input/ArgvInput), Object(Illuminate/Console/OutputStyle))
#27 C:/xampp/htdocs/ScoreTime_FullStack_V1.3/backend-laravel/vendor/laravel/framework/src/Illuminate/Console/Command.php(180): Symfony/Component/Console/Command/Command->run(Object(Symfony/Component/Console/Input/ArgvInput), Object(Illuminate/Console/OutputStyle))
#28 C:/xampp/htdocs/ScoreTime_FullStack_V1.3/backend-laravel/vendor/symfony/console/Application.php(1117): Illuminate/Console/Command->run(Object(Symfony/Component/Console/Input/ArgvInput), Object(Symfony/Component/Console/Output/ConsoleOutput))
#29 C:/xampp/htdocs/ScoreTime_FullStack_V1.3/backend-laravel/vendor/symfony/console/Application.php(356): Symfony/Component/Console/Application->doRunCommand(Object(Illuminate/Database/Console/Migrations/MigrateCommand), Object(Symfony/Component/Console/Input/ArgvInput), Object(Symfony/Component/Console/Output/ConsoleOutput))
#30 C:/xampp/htdocs/ScoreTime_FullStack_V1.3/backend-laravel/vendor/symfony/console/Application.php(195): Symfony/Component/Console/Application->doRun(Object(Symfony/Component/Console/Input/ArgvInput), Object(Symfony/Component/Console/Output/ConsoleOutput))
#31 C:/xampp/htdocs/ScoreTime_FullStack_V1.3/backend-laravel/vendor/laravel/framework/src/Illuminate/Foundation/Console/Kernel.php(198): Symfony/Component/Console/Application->run(Object(Symfony/Component/Console/Input/ArgvInput), Object(Symfony/Component/Console/Output/ConsoleOutput))
#32 C:/xampp/htdocs/ScoreTime_FullStack_V1.3/backend-laravel/vendor/laravel/framework/src/Illuminate/Foundation/Application.php(1235): Illuminate/Foundation/Console/Kernel->handle(Object(Symfony/Component/Console/Input/ArgvInput), Object(Symfony/Component/Console/Output/ConsoleOutput))
#33 C:/xampp/htdocs/ScoreTime_FullStack_V1.3/backend-laravel/artisan(5): Illuminate/Foundation/Application->handleCommand(Object(Symfony/Component/Console/Input/ArgvInput))
#34 {main}

[previous exception] [object] (PDOException(code: 42000): SQLSTATE[42000]: Syntax error or access violation: 1067 Invalid default value for 'ends_at' at C:/xampp/htdocs/ScoreTime_FullStack_V1.3/backend-laravel/vendor/laravel/framework/src/Illuminate/Database/Connection.php:584)
[stacktrace]
#0 C:/xampp/htdocs/ScoreTime_FullStack_V1.3/backend-laravel/vendor/laravel/framework/src/Illuminate/Database/Connection.php(584): PDOStatement->execute()
#1 C:/xampp/htdocs/ScoreTime_FullStack_V1.3/backend-laravel/vendor/laravel/framework/src/Illuminate/Database/Connection.php(827): Illuminate/Database/Connection->Illuminate/Database/{closure}('create table `p...', Array)
#2 C:/xampp/htdocs/ScoreTime_FullStack_V1.3/backend-laravel/vendor/laravel/framework/src/Illuminate/Database/Connection.php(794): Illuminate/Database/Connection->runQueryCallback('create table `p...', Array, Object(Closure))
#3 C:/xampp/htdocs/ScoreTime_FullStack_V1.3/backend-laravel/vendor/laravel/framework/src/Illuminate/Database/Connection.php(573): Illuminate/Database/Connection->run('create table `p...', Array, Object(Closure))
#4 C:/xampp/htdocs/ScoreTime_FullStack_V1.3/backend-laravel/vendor/laravel/framework/src/Illuminate/Database/Schema/Blueprint.php(121): Illuminate/Database/Connection->statement('create table `p...')
#5 C:/xampp/htdocs/ScoreTime_FullStack_V1.3/backend-laravel/vendor/laravel/framework/src/Illuminate/Database/Schema/Builder.php(686): Illuminate/Database/Schema/Blueprint->build()
#6 C:/xampp/htdocs/ScoreTime_FullStack_V1.3/backend-laravel/vendor/laravel/framework/src/Illuminate/Database/Schema/Builder.php(506): Illuminate/Database/Schema/Builder->build(Object(Illuminate/Database/Schema/Blueprint))
#7 C:/xampp/htdocs/ScoreTime_FullStack_V1.3/backend-laravel/vendor/laravel/framework/src/Illuminate/Support/Facades/Facade.php(363): Illuminate/Database/Schema/Builder->create('prediction_seas...', Object(Closure))
#8 C:/xampp/htdocs/ScoreTime_FullStack_V1.3/backend-laravel/database/migrations/2026_08_19_000012_create_v07_global_realtime_features.php(9): Illuminate/Support/Facades/Facade::__callStatic('create', Array)
#9 C:/xampp/htdocs/ScoreTime_FullStack_V1.3/backend-laravel/vendor/laravel/framework/src/Illuminate/Database/Migrations/Migrator.php(517): Illuminate/Database/Migrations/Migration@anonymous->up()
#10 C:/xampp/htdocs/ScoreTime_FullStack_V1.3/backend-laravel/vendor/laravel/framework/src/Illuminate/Database/Migrations/Migrator.php(442): Illuminate/Database/Migrations/Migrator->runMethod(Object(Illuminate/Database/MySqlConnection), Object(Illuminate/Database/Migrations/Migration@anonymous), 'up')
#11 C:/xampp/htdocs/ScoreTime_FullStack_V1.3/backend-laravel/vendor/laravel/framework/src/Illuminate/Database/Migrations/Migrator.php(451): Illuminate/Database/Migrations/Migrator->Illuminate/Database/Migrations/{closure}()
#12 C:/xampp/htdocs/ScoreTime_FullStack_V1.3/backend-laravel/vendor/laravel/framework/src/Illuminate/Database/Migrations/Migrator.php(253): Illuminate/Database/Migrations/Migrator->runMigration(Object(Illuminate/Database/Migrations/Migration@anonymous), 'up')
#13 C:/xampp/htdocs/ScoreTime_FullStack_V1.3/backend-laravel/vendor/laravel/framework/src/Illuminate/Console/View/Components/Task.php(41): Illuminate/Database/Migrations/Migrator->Illuminate/Database/Migrations/{closure}()
#14 C:/xampp/htdocs/ScoreTime_FullStack_V1.3/backend-laravel/vendor/laravel/framework/src/Illuminate/Database/Migrations/Migrator.php(814): Illuminate/Console/View/Components/Task->render('2026_08_19_0000...', Object(Closure))
#15 C:/xampp/htdocs/ScoreTime_FullStack_V1.3/backend-laravel/vendor/laravel/framework/src/Illuminate/Database/Migrations/Migrator.php(253): Illuminate/Database/Migrations/Migrator->write('Illuminate//Cons...', '2026_08_19_0000...', Object(Closure))
#16 C:/xampp/htdocs/ScoreTime_FullStack_V1.3/backend-laravel/vendor/laravel/framework/src/Illuminate/Database/Migrations/Migrator.php(211): Illuminate/Database/Migrations/Migrator->runUp('C://xampp//htdocs...', 1, false)
#17 C:/xampp/htdocs/ScoreTime_FullStack_V1.3/backend-laravel/vendor/laravel/framework/src/Illuminate/Database/Migrations/Migrator.php(138): Illuminate/Database/Migrations/Migrator->runPending(Array, Array)
#18 C:/xampp/htdocs/ScoreTime_FullStack_V1.3/backend-laravel/vendor/laravel/framework/src/Illuminate/Database/Console/Migrations/MigrateCommand.php(116): Illuminate/Database/Migrations/Migrator->run(Array, Array)
#19 C:/xampp/htdocs/ScoreTime_FullStack_V1.3/backend-laravel/vendor/laravel/framework/src/Illuminate/Database/Migrations/Migrator.php(671): Illuminate/Database/Console/Migrations/MigrateCommand->Illuminate/Database/Console/Migrations/{closure}()
#20 C:/xampp/htdocs/ScoreTime_FullStack_V1.3/backend-laravel/vendor/laravel/framework/src/Illuminate/Database/Console/Migrations/MigrateCommand.php(109): Illuminate/Database/Migrations/Migrator->usingConnection(NULL, Object(Closure))
#21 C:/xampp/htdocs/ScoreTime_FullStack_V1.3/backend-laravel/vendor/laravel/framework/src/Illuminate/Database/Console/Migrations/MigrateCommand.php(88): Illuminate/Database/Console/Migrations/MigrateCommand->runMigrations()
#22 C:/xampp/htdocs/ScoreTime_FullStack_V1.3/backend-laravel/vendor/laravel/framework/src/Illuminate/Container/BoundMethod.php(36): Illuminate/Database/Console/Migrations/MigrateCommand->handle()
#23 C:/xampp/htdocs/ScoreTime_FullStack_V1.3/backend-laravel/vendor/laravel/framework/src/Illuminate/Container/Util.php(43): Illuminate/Container/BoundMethod::Illuminate/Container/{closure}()
#24 C:/xampp/htdocs/ScoreTime_FullStack_V1.3/backend-laravel/vendor/laravel/framework/src/Illuminate/Container/BoundMethod.php(96): Illuminate/Container/Util::unwrapIfClosure(Object(Closure))
#25 C:/xampp/htdocs/ScoreTime_FullStack_V1.3/backend-laravel/vendor/laravel/framework/src/Illuminate/Container/BoundMethod.php(35): Illuminate/Container/BoundMethod::callBoundMethod(Object(Illuminate/Foundation/Application), Array, Object(Closure))
#26 C:/xampp/htdocs/ScoreTime_FullStack_V1.3/backend-laravel/vendor/laravel/framework/src/Illuminate/Container/Container.php(799): Illuminate/Container/BoundMethod::call(Object(Illuminate/Foundation/Application), Array, Array, NULL)
#27 C:/xampp/htdocs/ScoreTime_FullStack_V1.3/backend-laravel/vendor/laravel/framework/src/Illuminate/Console/Command.php(211): Illuminate/Container/Container->call(Array)
#28 C:/xampp/htdocs/ScoreTime_FullStack_V1.3/backend-laravel/vendor/symfony/console/Command/Command.php(341): Illuminate/Console/Command->execute(Object(Symfony/Component/Console/Input/ArgvInput), Object(Illuminate/Console/OutputStyle))
#29 C:/xampp/htdocs/ScoreTime_FullStack_V1.3/backend-laravel/vendor/laravel/framework/src/Illuminate/Console/Command.php(180): Symfony/Component/Console/Command/Command->run(Object(Symfony/Component/Console/Input/ArgvInput), Object(Illuminate/Console/OutputStyle))
#30 C:/xampp/htdocs/ScoreTime_FullStack_V1.3/backend-laravel/vendor/symfony/console/Application.php(1117): Illuminate/Console/Command->run(Object(Symfony/Component/Console/Input/ArgvInput), Object(Symfony/Component/Console/Output/ConsoleOutput))
#31 C:/xampp/htdocs/ScoreTime_FullStack_V1.3/backend-laravel/vendor/symfony/console/Application.php(356): Symfony/Component/Console/Application->doRunCommand(Object(Illuminate/Database/Console/Migrations/MigrateCommand), Object(Symfony/Component/Console/Input/ArgvInput), Object(Symfony/Component/Console/Output/ConsoleOutput))
#32 C:/xampp/htdocs/ScoreTime_FullStack_V1.3/backend-laravel/vendor/symfony/console/Application.php(195): Symfony/Component/Console/Application->doRun(Object(Symfony/Component/Console/Input/ArgvInput), Object(Symfony/Component/Console/Output/ConsoleOutput))
#33 C:/xampp/htdocs/ScoreTime_FullStack_V1.3/backend-laravel/vendor/laravel/framework/src/Illuminate/Foundation/Console/Kernel.php(198): Symfony/Component/Console/Application->run(Object(Symfony/Component/Console/Input/ArgvInput), Object(Symfony/Component/Console/Output/ConsoleOutput))
#34 C:/xampp/htdocs/ScoreTime_FullStack_V1.3/backend-laravel/vendor/laravel/framework/src/Illuminate/Foundation/Application.php(1235): Illuminate/Foundation/Console/Kernel->handle(Object(Symfony/Component/Console/Input/ArgvInput), Object(Symfony/Component/Console/Output/ConsoleOutput))
#35 C:/xampp/htdocs/ScoreTime_FullStack_V1.3/backend-laravel/artisan(5): Illuminate/Foundation/Application->handleCommand(Object(Symfony/Component/Console/Input/ArgvInput))
#36 {main}
"} 
[2026-08-19 07:06:59] local.ERROR: syntax error, unexpected token ";", expecting ")" {"exception":"[object] (ParseError(code: 0): syntax error, unexpected token \";\", expecting \")\" at C:/xampp/htdocs/ScoreTime_FullStack_V1.3/backend-laravel/database/migrations/2026_08_19_000012_create_v07_global_realtime_features.php:10)
[stacktrace]
#0 C:/xampp/htdocs/ScoreTime_FullStack_V1.3/backend-laravel/vendor/laravel/framework/src/Illuminate/Filesystem/Filesystem.php(149): Illuminate/Filesystem/Filesystem::Illuminate/Filesystem/{closure}()
#1 C:/xampp/htdocs/ScoreTime_FullStack_V1.3/backend-laravel/vendor/laravel/framework/src/Illuminate/Database/Migrations/Migrator.php(598): Illuminate/Filesystem/Filesystem->requireOnce('C://xampp//htdocs...')
#2 C:/xampp/htdocs/ScoreTime_FullStack_V1.3/backend-laravel/vendor/laravel/framework/src/Illuminate/Database/Migrations/Migrator.php(131): Illuminate/Database/Migrations/Migrator->requireFiles(Array)
#3 C:/xampp/htdocs/ScoreTime_FullStack_V1.3/backend-laravel/vendor/laravel/framework/src/Illuminate/Database/Console/Migrations/MigrateCommand.php(116): Illuminate/Database/Migrations/Migrator->run(Array, Array)
#4 C:/xampp/htdocs/ScoreTime_FullStack_V1.3/backend-laravel/vendor/laravel/framework/src/Illuminate/Database/Migrations/Migrator.php(671): Illuminate/Database/Console/Migrations/MigrateCommand->Illuminate/Database/Console/Migrations/{closure}()
#5 C:/xampp/htdocs/ScoreTime_FullStack_V1.3/backend-laravel/vendor/laravel/framework/src/Illuminate/Database/Console/Migrations/MigrateCommand.php(109): Illuminate/Database/Migrations/Migrator->usingConnection(NULL, Object(Closure))
#6 C:/xampp/htdocs/ScoreTime_FullStack_V1.3/backend-laravel/vendor/laravel/framework/src/Illuminate/Database/Console/Migrations/MigrateCommand.php(88): Illuminate/Database/Console/Migrations/MigrateCommand->runMigrations()
#7 C:/xampp/htdocs/ScoreTime_FullStack_V1.3/backend-laravel/vendor/laravel/framework/src/Illuminate/Container/BoundMethod.php(36): Illuminate/Database/Console/Migrations/MigrateCommand->handle()
#8 C:/xampp/htdocs/ScoreTime_FullStack_V1.3/backend-laravel/vendor/laravel/framework/src/Illuminate/Container/Util.php(43): Illuminate/Container/BoundMethod::Illuminate/Container/{closure}()
#9 C:/xampp/htdocs/ScoreTime_FullStack_V1.3/backend-laravel/vendor/laravel/framework/src/Illuminate/Container/BoundMethod.php(96): Illuminate/Container/Util::unwrapIfClosure(Object(Closure))
#10 C:/xampp/htdocs/ScoreTime_FullStack_V1.3/backend-laravel/vendor/laravel/framework/src/Illuminate/Container/BoundMethod.php(35): Illuminate/Container/BoundMethod::callBoundMethod(Object(Illuminate/Foundation/Application), Array, Object(Closure))
#11 C:/xampp/htdocs/ScoreTime_FullStack_V1.3/backend-laravel/vendor/laravel/framework/src/Illuminate/Container/Container.php(799): Illuminate/Container/BoundMethod::call(Object(Illuminate/Foundation/Application), Array, Array, NULL)
#12 C:/xampp/htdocs/ScoreTime_FullStack_V1.3/backend-laravel/vendor/laravel/framework/src/Illuminate/Console/Command.php(211): Illuminate/Container/Container->call(Array)
#13 C:/xampp/htdocs/ScoreTime_FullStack_V1.3/backend-laravel/vendor/symfony/console/Command/Command.php(341): Illuminate/Console/Command->execute(Object(Symfony/Component/Console/Input/ArrayInput), Object(Illuminate/Console/OutputStyle))
#14 C:/xampp/htdocs/ScoreTime_FullStack_V1.3/backend-laravel/vendor/laravel/framework/src/Illuminate/Console/Command.php(180): Symfony/Component/Console/Command/Command->run(Object(Symfony/Component/Console/Input/ArrayInput), Object(Illuminate/Console/OutputStyle))
#15 C:/xampp/htdocs/ScoreTime_FullStack_V1.3/backend-laravel/vendor/laravel/framework/src/Illuminate/Console/Concerns/CallsCommands.php(68): Illuminate/Console/Command->run(Object(Symfony/Component/Console/Input/ArrayInput), Object(Illuminate/Console/OutputStyle))
#16 C:/xampp/htdocs/ScoreTime_FullStack_V1.3/backend-laravel/vendor/laravel/framework/src/Illuminate/Console/Concerns/CallsCommands.php(29): Illuminate/Console/Command->runCommand('migrate', Array, Object(Illuminate/Console/OutputStyle))
#17 C:/xampp/htdocs/ScoreTime_FullStack_V1.3/backend-laravel/vendor/laravel/framework/src/Illuminate/Database/Console/Migrations/FreshCommand.php(88): Illuminate/Console/Command->call('migrate', Array)
#18 C:/xampp/htdocs/ScoreTime_FullStack_V1.3/backend-laravel/vendor/laravel/framework/src/Illuminate/Container/BoundMethod.php(36): Illuminate/Database/Console/Migrations/FreshCommand->handle()
#19 C:/xampp/htdocs/ScoreTime_FullStack_V1.3/backend-laravel/vendor/laravel/framework/src/Illuminate/Container/Util.php(43): Illuminate/Container/BoundMethod::Illuminate/Container/{closure}()
#20 C:/xampp/htdocs/ScoreTime_FullStack_V1.3/backend-laravel/vendor/laravel/framework/src/Illuminate/Container/BoundMethod.php(96): Illuminate/Container/Util::unwrapIfClosure(Object(Closure))
#21 C:/xampp/htdocs/ScoreTime_FullStack_V1.3/backend-laravel/vendor/laravel/framework/src/Illuminate/Container/BoundMethod.php(35): Illuminate/Container/BoundMethod::callBoundMethod(Object(Illuminate/Foundation/Application), Array, Object(Closure))
#22 C:/xampp/htdocs/ScoreTime_FullStack_V1.3/backend-laravel/vendor/laravel/framework/src/Illuminate/Container/Container.php(799): Illuminate/Container/BoundMethod::call(Object(Illuminate/Foundation/Application), Array, Array, NULL)
#23 C:/xampp/htdocs/ScoreTime_FullStack_V1.3/backend-laravel/vendor/laravel/framework/src/Illuminate/Console/Command.php(211): Illuminate/Container/Container->call(Array)
#24 C:/xampp/htdocs/ScoreTime_FullStack_V1.3/backend-laravel/vendor/symfony/console/Command/Command.php(341): Illuminate/Console/Command->execute(Object(Symfony/Component/Console/Input/ArgvInput), Object(Illuminate/Console/OutputStyle))
#25 C:/xampp/htdocs/ScoreTime_FullStack_V1.3/backend-laravel/vendor/laravel/framework/src/Illuminate/Console/Command.php(180): Symfony/Component/Console/Command/Command->run(Object(Symfony/Component/Console/Input/ArgvInput), Object(Illuminate/Console/OutputStyle))
#26 C:/xampp/htdocs/ScoreTime_FullStack_V1.3/backend-laravel/vendor/symfony/console/Application.php(1117): Illuminate/Console/Command->run(Object(Symfony/Component/Console/Input/ArgvInput), Object(Symfony/Component/Console/Output/ConsoleOutput))
#27 C:/xampp/htdocs/ScoreTime_FullStack_V1.3/backend-laravel/vendor/symfony/console/Application.php(356): Symfony/Component/Console/Application->doRunCommand(Object(Illuminate/Database/Console/Migrations/FreshCommand), Object(Symfony/Component/Console/Input/ArgvInput), Object(Symfony/Component/Console/Output/ConsoleOutput))
#28 C:/xampp/htdocs/ScoreTime_FullStack_V1.3/backend-laravel/vendor/symfony/console/Application.php(195): Symfony/Component/Console/Application->doRun(Object(Symfony/Component/Console/Input/ArgvInput), Object(Symfony/Component/Console/Output/ConsoleOutput))
#29 C:/xampp/htdocs/ScoreTime_FullStack_V1.3/backend-laravel/vendor/laravel/framework/src/Illuminate/Foundation/Console/Kernel.php(198): Symfony/Component/Console/Application->run(Object(Symfony/Component/Console/Input/ArgvInput), Object(Symfony/Component/Console/Output/ConsoleOutput))
#30 C:/xampp/htdocs/ScoreTime_FullStack_V1.3/backend-laravel/vendor/laravel/framework/src/Illuminate/Foundation/Application.php(1235): Illuminate/Foundation/Console/Kernel->handle(Object(Symfony/Component/Console/Input/ArgvInput), Object(Symfony/Component/Console/Output/ConsoleOutput))
#31 C:/xampp/htdocs/ScoreTime_FullStack_V1.3/backend-laravel/artisan(5): Illuminate/Foundation/Application->handleCommand(Object(Symfony/Component/Console/Input/ArgvInput))
#32 {main}
"} 
[2026-08-19 07:08:57] local.ERROR: syntax error, unexpected token "public" {"exception":"[object] (ParseError(code: 0): syntax error, unexpected token \"public\" at C:/xampp/htdocs/ScoreTime_FullStack_V1.3/backend-laravel/database/migrations/2026_08_19_000012_create_v07_global_realtime_features.php:17)
[stacktrace]
#0 C:/xampp/htdocs/ScoreTime_FullStack_V1.3/backend-laravel/vendor/laravel/framework/src/Illuminate/Filesystem/Filesystem.php(149): Illuminate/Filesystem/Filesystem::Illuminate/Filesystem/{closure}()
#1 C:/xampp/htdocs/ScoreTime_FullStack_V1.3/backend-laravel/vendor/laravel/framework/src/Illuminate/Database/Migrations/Migrator.php(598): Illuminate/Filesystem/Filesystem->requireOnce('C://xampp//htdocs...')
#2 C:/xampp/htdocs/ScoreTime_FullStack_V1.3/backend-laravel/vendor/laravel/framework/src/Illuminate/Database/Migrations/Migrator.php(131): Illuminate/Database/Migrations/Migrator->requireFiles(Array)
#3 C:/xampp/htdocs/ScoreTime_FullStack_V1.3/backend-laravel/vendor/laravel/framework/src/Illuminate/Database/Console/Migrations/MigrateCommand.php(116): Illuminate/Database/Migrations/Migrator->run(Array, Array)
#4 C:/xampp/htdocs/ScoreTime_FullStack_V1.3/backend-laravel/vendor/laravel/framework/src/Illuminate/Database/Migrations/Migrator.php(671): Illuminate/Database/Console/Migrations/MigrateCommand->Illuminate/Database/Console/Migrations/{closure}()
#5 C:/xampp/htdocs/ScoreTime_FullStack_V1.3/backend-laravel/vendor/laravel/framework/src/Illuminate/Database/Console/Migrations/MigrateCommand.php(109): Illuminate/Database/Migrations/Migrator->usingConnection(NULL, Object(Closure))
#6 C:/xampp/htdocs/ScoreTime_FullStack_V1.3/backend-laravel/vendor/laravel/framework/src/Illuminate/Database/Console/Migrations/MigrateCommand.php(88): Illuminate/Database/Console/Migrations/MigrateCommand->runMigrations()
#7 C:/xampp/htdocs/ScoreTime_FullStack_V1.3/backend-laravel/vendor/laravel/framework/src/Illuminate/Container/BoundMethod.php(36): Illuminate/Database/Console/Migrations/MigrateCommand->handle()
#8 C:/xampp/htdocs/ScoreTime_FullStack_V1.3/backend-laravel/vendor/laravel/framework/src/Illuminate/Container/Util.php(43): Illuminate/Container/BoundMethod::Illuminate/Container/{closure}()
#9 C:/xampp/htdocs/ScoreTime_FullStack_V1.3/backend-laravel/vendor/laravel/framework/src/Illuminate/Container/BoundMethod.php(96): Illuminate/Container/Util::unwrapIfClosure(Object(Closure))
#10 C:/xampp/htdocs/ScoreTime_FullStack_V1.3/backend-laravel/vendor/laravel/framework/src/Illuminate/Container/BoundMethod.php(35): Illuminate/Container/BoundMethod::callBoundMethod(Object(Illuminate/Foundation/Application), Array, Object(Closure))
#11 C:/xampp/htdocs/ScoreTime_FullStack_V1.3/backend-laravel/vendor/laravel/framework/src/Illuminate/Container/Container.php(799): Illuminate/Container/BoundMethod::call(Object(Illuminate/Foundation/Application), Array, Array, NULL)
#12 C:/xampp/htdocs/ScoreTime_FullStack_V1.3/backend-laravel/vendor/laravel/framework/src/Illuminate/Console/Command.php(211): Illuminate/Container/Container->call(Array)
#13 C:/xampp/htdocs/ScoreTime_FullStack_V1.3/backend-laravel/vendor/symfony/console/Command/Command.php(341): Illuminate/Console/Command->execute(Object(Symfony/Component/Console/Input/ArrayInput), Object(Illuminate/Console/OutputStyle))
#14 C:/xampp/htdocs/ScoreTime_FullStack_V1.3/backend-laravel/vendor/laravel/framework/src/Illuminate/Console/Command.php(180): Symfony/Component/Console/Command/Command->run(Object(Symfony/Component/Console/Input/ArrayInput), Object(Illuminate/Console/OutputStyle))
#15 C:/xampp/htdocs/ScoreTime_FullStack_V1.3/backend-laravel/vendor/laravel/framework/src/Illuminate/Console/Concerns/CallsCommands.php(68): Illuminate/Console/Command->run(Object(Symfony/Component/Console/Input/ArrayInput), Object(Illuminate/Console/OutputStyle))
#16 C:/xampp/htdocs/ScoreTime_FullStack_V1.3/backend-laravel/vendor/laravel/framework/src/Illuminate/Console/Concerns/CallsCommands.php(29): Illuminate/Console/Command->runCommand('migrate', Array, Object(Illuminate/Console/OutputStyle))
#17 C:/xampp/htdocs/ScoreTime_FullStack_V1.3/backend-laravel/vendor/laravel/framework/src/Illuminate/Database/Console/Migrations/FreshCommand.php(88): Illuminate/Console/Command->call('migrate', Array)
#18 C:/xampp/htdocs/ScoreTime_FullStack_V1.3/backend-laravel/vendor/laravel/framework/src/Illuminate/Container/BoundMethod.php(36): Illuminate/Database/Console/Migrations/FreshCommand->handle()
#19 C:/xampp/htdocs/ScoreTime_FullStack_V1.3/backend-laravel/vendor/laravel/framework/src/Illuminate/Container/Util.php(43): Illuminate/Container/BoundMethod::Illuminate/Container/{closure}()
#20 C:/xampp/htdocs/ScoreTime_FullStack_V1.3/backend-laravel/vendor/laravel/framework/src/Illuminate/Container/BoundMethod.php(96): Illuminate/Container/Util::unwrapIfClosure(Object(Closure))
#21 C:/xampp/htdocs/ScoreTime_FullStack_V1.3/backend-laravel/vendor/laravel/framework/src/Illuminate/Container/BoundMethod.php(35): Illuminate/Container/BoundMethod::callBoundMethod(Object(Illuminate/Foundation/Application), Array, Object(Closure))
#22 C:/xampp/htdocs/ScoreTime_FullStack_V1.3/backend-laravel/vendor/laravel/framework/src/Illuminate/Container/Container.php(799): Illuminate/Container/BoundMethod::call(Object(Illuminate/Foundation/Application), Array, Array, NULL)
#23 C:/xampp/htdocs/ScoreTime_FullStack_V1.3/backend-laravel/vendor/laravel/framework/src/Illuminate/Console/Command.php(211): Illuminate/Container/Container->call(Array)
#24 C:/xampp/htdocs/ScoreTime_FullStack_V1.3/backend-laravel/vendor/symfony/console/Command/Command.php(341): Illuminate/Console/Command->execute(Object(Symfony/Component/Console/Input/ArgvInput), Object(Illuminate/Console/OutputStyle))
#25 C:/xampp/htdocs/ScoreTime_FullStack_V1.3/backend-laravel/vendor/laravel/framework/src/Illuminate/Console/Command.php(180): Symfony/Component/Console/Command/Command->run(Object(Symfony/Component/Console/Input/ArgvInput), Object(Illuminate/Console/OutputStyle))
#26 C:/xampp/htdocs/ScoreTime_FullStack_V1.3/backend-laravel/vendor/symfony/console/Application.php(1117): Illuminate/Console/Command->run(Object(Symfony/Component/Console/Input/ArgvInput), Object(Symfony/Component/Console/Output/ConsoleOutput))
#27 C:/xampp/htdocs/ScoreTime_FullStack_V1.3/backend-laravel/vendor/symfony/console/Application.php(356): Symfony/Component/Console/Application->doRunCommand(Object(Illuminate/Database/Console/Migrations/FreshCommand), Object(Symfony/Component/Console/Input/ArgvInput), Object(Symfony/Component/Console/Output/ConsoleOutput))
#28 C:/xampp/htdocs/ScoreTime_FullStack_V1.3/backend-laravel/vendor/symfony/console/Application.php(195): Symfony/Component/Console/Application->doRun(Object(Symfony/Component/Console/Input/ArgvInput), Object(Symfony/Component/Console/Output/ConsoleOutput))
#29 C:/xampp/htdocs/ScoreTime_FullStack_V1.3/backend-laravel/vendor/laravel/framework/src/Illuminate/Foundation/Console/Kernel.php(198): Symfony/Component/Console/Application->run(Object(Symfony/Component/Console/Input/ArgvInput), Object(Symfony/Component/Console/Output/ConsoleOutput))
#30 C:/xampp/htdocs/ScoreTime_FullStack_V1.3/backend-laravel/vendor/laravel/framework/src/Illuminate/Foundation/Application.php(1235): Illuminate/Foundation/Console/Kernel->handle(Object(Symfony/Component/Console/Input/ArgvInput), Object(Symfony/Component/Console/Output/ConsoleOutput))
#31 C:/xampp/htdocs/ScoreTime_FullStack_V1.3/backend-laravel/artisan(5): Illuminate/Foundation/Application->handleCommand(Object(Symfony/Component/Console/Input/ArgvInput))
#32 {main}
"} 
[2026-08-19 07:12:38] local.ERROR: SQLSTATE[HY000] [2002] No connection could be made because the target machine actively refused it (Connection: mysql, Host: 127.0.0.1, Port: 3306, Database: football_global, SQL: SET FOREIGN_KEY_CHECKS=1;) {"exception":"[object] (Illuminate\\Database\\QueryException(code: 2002): SQLSTATE[HY000] [2002] No connection could be made because the target machine actively refused it (Connection: mysql, Host: 127.0.0.1, Port: 3306, Database: football_global, SQL: SET FOREIGN_KEY_CHECKS=1;) at C:/xampp/htdocs/ScoreTime_FullStack_V1.3/backend-laravel/vendor/laravel/framework/src/Illuminate/Database/Connection.php:838)
[stacktrace]
#0 C:/xampp/htdocs/ScoreTime_FullStack_V1.3/backend-laravel/vendor/laravel/framework/src/Illuminate/Database/Connection.php(999): Illuminate/Database/Connection->runQueryCallback('SET FOREIGN_KEY...', Array, Object(Closure))
#1 C:/xampp/htdocs/ScoreTime_FullStack_V1.3/backend-laravel/vendor/laravel/framework/src/Illuminate/Database/Connection.php(978): Illuminate/Database/Connection->tryAgainIfCausedByLostConnection(Object(Illuminate/Database/QueryException), 'SET FOREIGN_KEY...', Array, Object(Closure))
#2 C:/xampp/htdocs/ScoreTime_FullStack_V1.3/backend-laravel/vendor/laravel/framework/src/Illuminate/Database/Connection.php(796): Illuminate/Database/Connection->handleQueryException(Object(Illuminate/Database/QueryException), 'SET FOREIGN_KEY...', Array, Object(Closure))
#3 C:/xampp/htdocs/ScoreTime_FullStack_V1.3/backend-laravel/vendor/laravel/framework/src/Illuminate/Database/Connection.php(573): Illuminate/Database/Connection->run('SET FOREIGN_KEY...', Array, Object(Closure))
#4 C:/xampp/htdocs/ScoreTime_FullStack_V1.3/backend-laravel/vendor/laravel/framework/src/Illuminate/Database/Schema/Builder.php(610): Illuminate/Database/Connection->statement('SET FOREIGN_KEY...')
#5 C:/xampp/htdocs/ScoreTime_FullStack_V1.3/backend-laravel/vendor/laravel/framework/src/Illuminate/Database/Schema/MySqlBuilder.php(27): Illuminate/Database/Schema/Builder->enableForeignKeyConstraints()
#6 C:/xampp/htdocs/ScoreTime_FullStack_V1.3/backend-laravel/vendor/laravel/framework/src/Illuminate/Database/Console/WipeCommand.php(75): Illuminate/Database/Schema/MySqlBuilder->dropAllTables()
#7 C:/xampp/htdocs/ScoreTime_FullStack_V1.3/backend-laravel/vendor/laravel/framework/src/Illuminate/Database/Console/WipeCommand.php(50): Illuminate/Database/Console/WipeCommand->dropAllTables(NULL)
#8 C:/xampp/htdocs/ScoreTime_FullStack_V1.3/backend-laravel/vendor/laravel/framework/src/Illuminate/Container/BoundMethod.php(36): Illuminate/Database/Console/WipeCommand->handle()
#9 C:/xampp/htdocs/ScoreTime_FullStack_V1.3/backend-laravel/vendor/laravel/framework/src/Illuminate/Container/Util.php(43): Illuminate/Container/BoundMethod::Illuminate/Container/{closure}()
#10 C:/xampp/htdocs/ScoreTime_FullStack_V1.3/backend-laravel/vendor/laravel/framework/src/Illuminate/Container/BoundMethod.php(96): Illuminate/Container/Util::unwrapIfClosure(Object(Closure))
#11 C:/xampp/htdocs/ScoreTime_FullStack_V1.3/backend-laravel/vendor/laravel/framework/src/Illuminate/Container/BoundMethod.php(35): Illuminate/Container/BoundMethod::callBoundMethod(Object(Illuminate/Foundation/Application), Array, Object(Closure))
#12 C:/xampp/htdocs/ScoreTime_FullStack_V1.3/backend-laravel/vendor/laravel/framework/src/Illuminate/Container/Container.php(799): Illuminate/Container/BoundMethod::call(Object(Illuminate/Foundation/Application), Array, Array, NULL)
#13 C:/xampp/htdocs/ScoreTime_FullStack_V1.3/backend-laravel/vendor/laravel/framework/src/Illuminate/Console/Command.php(211): Illuminate/Container/Container->call(Array)
#14 C:/xampp/htdocs/ScoreTime_FullStack_V1.3/backend-laravel/vendor/symfony/console/Command/Command.php(341): Illuminate/Console/Command->execute(Object(Symfony/Component/Console/Input/ArrayInput), Object(Illuminate/Console/OutputStyle))
#15 C:/xampp/htdocs/ScoreTime_FullStack_V1.3/backend-laravel/vendor/laravel/framework/src/Illuminate/Console/Command.php(180): Symfony/Component/Console/Command/Command->run(Object(Symfony/Component/Console/Input/ArrayInput), Object(Illuminate/Console/OutputStyle))
#16 C:/xampp/htdocs/ScoreTime_FullStack_V1.3/backend-laravel/vendor/laravel/framework/src/Illuminate/Console/Concerns/CallsCommands.php(68): Illuminate/Console/Command->run(Object(Symfony/Component/Console/Input/ArrayInput), Object(Symfony/Component/Console/Output/NullOutput))
#17 C:/xampp/htdocs/ScoreTime_FullStack_V1.3/backend-laravel/vendor/laravel/framework/src/Illuminate/Console/Concerns/CallsCommands.php(41): Illuminate/Console/Command->runCommand('db:wipe', Array, Object(Symfony/Component/Console/Output/NullOutput))
#18 C:/xampp/htdocs/ScoreTime_FullStack_V1.3/backend-laravel/vendor/laravel/framework/src/Illuminate/Database/Console/Migrations/FreshCommand.php(77): Illuminate/Console/Command->callSilent('db:wipe', Array)
#19 C:/xampp/htdocs/ScoreTime_FullStack_V1.3/backend-laravel/vendor/laravel/framework/src/Illuminate/Console/View/Components/Task.php(41): Illuminate/Database/Console/Migrations/FreshCommand->Illuminate/Database/Console/Migrations/{closure}()
#20 C:/xampp/htdocs/ScoreTime_FullStack_V1.3/backend-laravel/vendor/laravel/framework/src/Illuminate/Console/View/Components/Factory.php(59): Illuminate/Console/View/Components/Task->render('Dropping all ta...', Object(Closure))
#21 C:/xampp/htdocs/ScoreTime_FullStack_V1.3/backend-laravel/vendor/laravel/framework/src/Illuminate/Database/Console/Migrations/FreshCommand.php(77): Illuminate/Console/View/Components/Factory->__call('task', Array)
#22 C:/xampp/htdocs/ScoreTime_FullStack_V1.3/backend-laravel/vendor/laravel/framework/src/Illuminate/Database/Migrations/Migrator.php(671): Illuminate/Database/Console/Migrations/FreshCommand->Illuminate/Database/Console/Migrations/{closure}()
#23 C:/xampp/htdocs/ScoreTime_FullStack_V1.3/backend-laravel/vendor/laravel/framework/src/Illuminate/Database/Console/Migrations/FreshCommand.php(67): Illuminate/Database/Migrations/Migrator->usingConnection(NULL, Object(Closure))
#24 C:/xampp/htdocs/ScoreTime_FullStack_V1.3/backend-laravel/vendor/laravel/framework/src/Illuminate/Container/BoundMethod.php(36): Illuminate/Database/Console/Migrations/FreshCommand->handle()
#25 C:/xampp/htdocs/ScoreTime_FullStack_V1.3/backend-laravel/vendor/laravel/framework/src/Illuminate/Container/Util.php(43): Illuminate/Container/BoundMethod::Illuminate/Container/{closure}()
#26 C:/xampp/htdocs/ScoreTime_FullStack_V1.3/backend-laravel/vendor/laravel/framework/src/Illuminate/Container/BoundMethod.php(96): Illuminate/Container/Util::unwrapIfClosure(Object(Closure))
#27 C:/xampp/htdocs/ScoreTime_FullStack_V1.3/backend-laravel/vendor/laravel/framework/src/Illuminate/Container/BoundMethod.php(35): Illuminate/Container/BoundMethod::callBoundMethod(Object(Illuminate/Foundation/Application), Array, Object(Closure))
#28 C:/xampp/htdocs/ScoreTime_FullStack_V1.3/backend-laravel/vendor/laravel/framework/src/Illuminate/Container/Container.php(799): Illuminate/Container/BoundMethod::call(Object(Illuminate/Foundation/Application), Array, Array, NULL)
#29 C:/xampp/htdocs/ScoreTime_FullStack_V1.3/backend-laravel/vendor/laravel/framework/src/Illuminate/Console/Command.php(211): Illuminate/Container/Container->call(Array)
#30 C:/xampp/htdocs/ScoreTime_FullStack_V1.3/backend-laravel/vendor/symfony/console/Command/Command.php(341): Illuminate/Console/Command->execute(Object(Symfony/Component/Console/Input/ArgvInput), Object(Illuminate/Console/OutputStyle))
#31 C:/xampp/htdocs/ScoreTime_FullStack_V1.3/backend-laravel/vendor/laravel/framework/src/Illuminate/Console/Command.php(180): Symfony/Component/Console/Command/Command->run(Object(Symfony/Component/Console/Input/ArgvInput), Object(Illuminate/Console/OutputStyle))
#32 C:/xampp/htdocs/ScoreTime_FullStack_V1.3/backend-laravel/vendor/symfony/console/Application.php(1117): Illuminate/Console/Command->run(Object(Symfony/Component/Console/Input/ArgvInput), Object(Symfony/Component/Console/Output/ConsoleOutput))
#33 C:/xampp/htdocs/ScoreTime_FullStack_V1.3/backend-laravel/vendor/symfony/console/Application.php(356): Symfony/Component/Console/Application->doRunCommand(Object(Illuminate/Database/Console/Migrations/FreshCommand), Object(Symfony/Component/Console/Input/ArgvInput), Object(Symfony/Component/Console/Output/ConsoleOutput))
#34 C:/xampp/htdocs/ScoreTime_FullStack_V1.3/backend-laravel/vendor/symfony/console/Application.php(195): Symfony/Component/Console/Application->doRun(Object(Symfony/Component/Console/Input/ArgvInput), Object(Symfony/Component/Console/Output/ConsoleOutput))
#35 C:/xampp/htdocs/ScoreTime_FullStack_V1.3/backend-laravel/vendor/laravel/framework/src/Illuminate/Foundation/Console/Kernel.php(198): Symfony/Component/Console/Application->run(Object(Symfony/Component/Console/Input/ArgvInput), Object(Symfony/Component/Console/Output/ConsoleOutput))
#36 C:/xampp/htdocs/ScoreTime_FullStack_V1.3/backend-laravel/vendor/laravel/framework/src/Illuminate/Foundation/Application.php(1235): Illuminate/Foundation/Console/Kernel->handle(Object(Symfony/Component/Console/Input/ArgvInput), Object(Symfony/Component/Console/Output/ConsoleOutput))
#37 C:/xampp/htdocs/ScoreTime_FullStack_V1.3/backend-laravel/artisan(5): Illuminate/Foundation/Application->handleCommand(Object(Symfony/Component/Console/Input/ArgvInput))
#38 {main}

[previous exception] [object] (PDOException(code: 2002): SQLSTATE[HY000] [2002] No connection could be made because the target machine actively refused it at C:/xampp/htdocs/ScoreTime_FullStack_V1.3/backend-laravel/vendor/laravel/framework/src/Illuminate/Database/Connectors/Connector.php:66)
[stacktrace]
#0 C:/xampp/htdocs/ScoreTime_FullStack_V1.3/backend-laravel/vendor/laravel/framework/src/Illuminate/Database/Connectors/Connector.php(66): PDO->__construct('mysql:host=127....', 'root', Object(SensitiveParameterValue), Array)
#1 C:/xampp/htdocs/ScoreTime_FullStack_V1.3/backend-laravel/vendor/laravel/framework/src/Illuminate/Database/Connectors/Connector.php(85): Illuminate/Database/Connectors/Connector->createPdoConnection('mysql:host=127....', 'root', Object(SensitiveParameterValue), Array)
#2 C:/xampp/htdocs/ScoreTime_FullStack_V1.3/backend-laravel/vendor/laravel/framework/src/Illuminate/Database/Connectors/Connector.php(48): Illuminate/Database/Connectors/Connector->tryAgainIfCausedByLostConnection(Object(PDOException), 'mysql:host=127....', 'root', Object(SensitiveParameterValue), Array)
#3 C:/xampp/htdocs/ScoreTime_FullStack_V1.3/backend-laravel/vendor/laravel/framework/src/Illuminate/Database/Connectors/MySqlConnector.php(24): Illuminate/Database/Connectors/Connector->createConnection('mysql:host=127....', Array, Array)
#4 C:/xampp/htdocs/ScoreTime_FullStack_V1.3/backend-laravel/vendor/laravel/framework/src/Illuminate/Database/Connectors/ConnectionFactory.php(186): Illuminate/Database/Connectors/MySqlConnector->connect(Array)
#5 [internal function]: Illuminate/Database/Connectors/ConnectionFactory->Illuminate/Database/Connectors/{closure}()
#6 C:/xampp/htdocs/ScoreTime_FullStack_V1.3/backend-laravel/vendor/laravel/framework/src/Illuminate/Database/Connection.php(1257): call_user_func(Object(Closure))
#7 C:/xampp/htdocs/ScoreTime_FullStack_V1.3/backend-laravel/vendor/laravel/framework/src/Illuminate/Database/Connection.php(578): Illuminate/Database/Connection->getPdo()
#8 C:/xampp/htdocs/ScoreTime_FullStack_V1.3/backend-laravel/vendor/laravel/framework/src/Illuminate/Database/Connection.php(827): Illuminate/Database/Connection->Illuminate/Database/{closure}('SET FOREIGN_KEY...', Array)
#9 C:/xampp/htdocs/ScoreTime_FullStack_V1.3/backend-laravel/vendor/laravel/framework/src/Illuminate/Database/Connection.php(999): Illuminate/Database/Connection->runQueryCallback('SET FOREIGN_KEY...', Array, Object(Closure))
#10 C:/xampp/htdocs/ScoreTime_FullStack_V1.3/backend-laravel/vendor/laravel/framework/src/Illuminate/Database/Connection.php(978): Illuminate/Database/Connection->tryAgainIfCausedByLostConnection(Object(Illuminate/Database/QueryException), 'SET FOREIGN_KEY...', Array, Object(Closure))
#11 C:/xampp/htdocs/ScoreTime_FullStack_V1.3/backend-laravel/vendor/laravel/framework/src/Illuminate/Database/Connection.php(796): Illuminate/Database/Connection->handleQueryException(Object(Illuminate/Database/QueryException), 'SET FOREIGN_KEY...', Array, Object(Closure))
#12 C:/xampp/htdocs/ScoreTime_FullStack_V1.3/backend-laravel/vendor/laravel/framework/src/Illuminate/Database/Connection.php(573): Illuminate/Database/Connection->run('SET FOREIGN_KEY...', Array, Object(Closure))
#13 C:/xampp/htdocs/ScoreTime_FullStack_V1.3/backend-laravel/vendor/laravel/framework/src/Illuminate/Database/Schema/Builder.php(610): Illuminate/Database/Connection->statement('SET FOREIGN_KEY...')
#14 C:/xampp/htdocs/ScoreTime_FullStack_V1.3/backend-laravel/vendor/laravel/framework/src/Illuminate/Database/Schema/MySqlBuilder.php(27): Illuminate/Database/Schema/Builder->enableForeignKeyConstraints()
#15 C:/xampp/htdocs/ScoreTime_FullStack_V1.3/backend-laravel/vendor/laravel/framework/src/Illuminate/Database/Console/WipeCommand.php(75): Illuminate/Database/Schema/MySqlBuilder->dropAllTables()
#16 C:/xampp/htdocs/ScoreTime_FullStack_V1.3/backend-laravel/vendor/laravel/framework/src/Illuminate/Database/Console/WipeCommand.php(50): Illuminate/Database/Console/WipeCommand->dropAllTables(NULL)
#17 C:/xampp/htdocs/ScoreTime_FullStack_V1.3/backend-laravel/vendor/laravel/framework/src/Illuminate/Container/BoundMethod.php(36): Illuminate/Database/Console/WipeCommand->handle()
#18 C:/xampp/htdocs/ScoreTime_FullStack_V1.3/backend-laravel/vendor/laravel/framework/src/Illuminate/Container/Util.php(43): Illuminate/Container/BoundMethod::Illuminate/Container/{closure}()
#19 C:/xampp/htdocs/ScoreTime_FullStack_V1.3/backend-laravel/vendor/laravel/framework/src/Illuminate/Container/BoundMethod.php(96): Illuminate/Container/Util::unwrapIfClosure(Object(Closure))
#20 C:/xampp/htdocs/ScoreTime_FullStack_V1.3/backend-laravel/vendor/laravel/framework/src/Illuminate/Container/BoundMethod.php(35): Illuminate/Container/BoundMethod::callBoundMethod(Object(Illuminate/Foundation/Application), Array, Object(Closure))
#21 C:/xampp/htdocs/ScoreTime_FullStack_V1.3/backend-laravel/vendor/laravel/framework/src/Illuminate/Container/Container.php(799): Illuminate/Container/BoundMethod::call(Object(Illuminate/Foundation/Application), Array, Array, NULL)
#22 C:/xampp/htdocs/ScoreTime_FullStack_V1.3/backend-laravel/vendor/laravel/framework/src/Illuminate/Console/Command.php(211): Illuminate/Container/Container->call(Array)
#23 C:/xampp/htdocs/ScoreTime_FullStack_V1.3/backend-laravel/vendor/symfony/console/Command/Command.php(341): Illuminate/Console/Command->execute(Object(Symfony/Component/Console/Input/ArrayInput), Object(Illuminate/Console/OutputStyle))
#24 C:/xampp/htdocs/ScoreTime_FullStack_V1.3/backend-laravel/vendor/laravel/framework/src/Illuminate/Console/Command.php(180): Symfony/Component/Console/Command/Command->run(Object(Symfony/Component/Console/Input/ArrayInput), Object(Illuminate/Console/OutputStyle))
#25 C:/xampp/htdocs/ScoreTime_FullStack_V1.3/backend-laravel/vendor/laravel/framework/src/Illuminate/Console/Concerns/CallsCommands.php(68): Illuminate/Console/Command->run(Object(Symfony/Component/Console/Input/ArrayInput), Object(Symfony/Component/Console/Output/NullOutput))
#26 C:/xampp/htdocs/ScoreTime_FullStack_V1.3/backend-laravel/vendor/laravel/framework/src/Illuminate/Console/Concerns/CallsCommands.php(41): Illuminate/Console/Command->runCommand('db:wipe', Array, Object(Symfony/Component/Console/Output/NullOutput))
#27 C:/xampp/htdocs/ScoreTime_FullStack_V1.3/backend-laravel/vendor/laravel/framework/src/Illuminate/Database/Console/Migrations/FreshCommand.php(77): Illuminate/Console/Command->callSilent('db:wipe', Array)
#28 C:/xampp/htdocs/ScoreTime_FullStack_V1.3/backend-laravel/vendor/laravel/framework/src/Illuminate/Console/View/Components/Task.php(41): Illuminate/Database/Console/Migrations/FreshCommand->Illuminate/Database/Console/Migrations/{closure}()
#29 C:/xampp/htdocs/ScoreTime_FullStack_V1.3/backend-laravel/vendor/laravel/framework/src/Illuminate/Console/View/Components/Factory.php(59): Illuminate/Console/View/Components/Task->render('Dropping all ta...', Object(Closure))
#30 C:/xampp/htdocs/ScoreTime_FullStack_V1.3/backend-laravel/vendor/laravel/framework/src/Illuminate/Database/Console/Migrations/FreshCommand.php(77): Illuminate/Console/View/Components/Factory->__call('task', Array)
#31 C:/xampp/htdocs/ScoreTime_FullStack_V1.3/backend-laravel/vendor/laravel/framework/src/Illuminate/Database/Migrations/Migrator.php(671): Illuminate/Database/Console/Migrations/FreshCommand->Illuminate/Database/Console/Migrations/{closure}()
#32 C:/xampp/htdocs/ScoreTime_FullStack_V1.3/backend-laravel/vendor/laravel/framework/src/Illuminate/Database/Console/Migrations/FreshCommand.php(67): Illuminate/Database/Migrations/Migrator->usingConnection(NULL, Object(Closure))
#33 C:/xampp/htdocs/ScoreTime_FullStack_V1.3/backend-laravel/vendor/laravel/framework/src/Illuminate/Container/BoundMethod.php(36): Illuminate/Database/Console/Migrations/FreshCommand->handle()
#34 C:/xampp/htdocs/ScoreTime_FullStack_V1.3/backend-laravel/vendor/laravel/framework/src/Illuminate/Container/Util.php(43): Illuminate/Container/BoundMethod::Illuminate/Container/{closure}()
#35 C:/xampp/htdocs/ScoreTime_FullStack_V1.3/backend-laravel/vendor/laravel/framework/src/Illuminate/Container/BoundMethod.php(96): Illuminate/Container/Util::unwrapIfClosure(Object(Closure))
#36 C:/xampp/htdocs/ScoreTime_FullStack_V1.3/backend-laravel/vendor/laravel/framework/src/Illuminate/Container/BoundMethod.php(35): Illuminate/Container/BoundMethod::callBoundMethod(Object(Illuminate/Foundation/Application), Array, Object(Closure))
#37 C:/xampp/htdocs/ScoreTime_FullStack_V1.3/backend-laravel/vendor/laravel/framework/src/Illuminate/Container/Container.php(799): Illuminate/Container/BoundMethod::call(Object(Illuminate/Foundation/Application), Array, Array, NULL)
#38 C:/xampp/htdocs/ScoreTime_FullStack_V1.3/backend-laravel/vendor/laravel/framework/src/Illuminate/Console/Command.php(211): Illuminate/Container/Container->call(Array)
#39 C:/xampp/htdocs/ScoreTime_FullStack_V1.3/backend-laravel/vendor/symfony/console/Command/Command.php(341): Illuminate/Console/Command->execute(Object(Symfony/Component/Console/Input/ArgvInput), Object(Illuminate/Console/OutputStyle))
#40 C:/xampp/htdocs/ScoreTime_FullStack_V1.3/backend-laravel/vendor/laravel/framework/src/Illuminate/Console/Command.php(180): Symfony/Component/Console/Command/Command->run(Object(Symfony/Component/Console/Input/ArgvInput), Object(Illuminate/Console/OutputStyle))
#41 C:/xampp/htdocs/ScoreTime_FullStack_V1.3/backend-laravel/vendor/symfony/console/Application.php(1117): Illuminate/Console/Command->run(Object(Symfony/Component/Console/Input/ArgvInput), Object(Symfony/Component/Console/Output/ConsoleOutput))
#42 C:/xampp/htdocs/ScoreTime_FullStack_V1.3/backend-laravel/vendor/symfony/console/Application.php(356): Symfony/Component/Console/Application->doRunCommand(Object(Illuminate/Database/Console/Migrations/FreshCommand), Object(Symfony/Component/Console/Input/ArgvInput), Object(Symfony/Component/Console/Output/ConsoleOutput))
#43 C:/xampp/htdocs/ScoreTime_FullStack_V1.3/backend-laravel/vendor/symfony/console/Application.php(195): Symfony/Component/Console/Application->doRun(Object(Symfony/Component/Console/Input/ArgvInput), Object(Symfony/Component/Console/Output/ConsoleOutput))
#44 C:/xampp/htdocs/ScoreTime_FullStack_V1.3/backend-laravel/vendor/laravel/framework/src/Illuminate/Foundation/Console/Kernel.php(198): Symfony/Component/Console/Application->run(Object(Symfony/Component/Console/Input/ArgvInput), Object(Symfony/Component/Console/Output/ConsoleOutput))
#45 C:/xampp/htdocs/ScoreTime_FullStack_V1.3/backend-laravel/vendor/laravel/framework/src/Illuminate/Foundation/Application.php(1235): Illuminate/Foundation/Console/Kernel->handle(Object(Symfony/Component/Console/Input/ArgvInput), Object(Symfony/Component/Console/Output/ConsoleOutput))
#46 C:/xampp/htdocs/ScoreTime_FullStack_V1.3/backend-laravel/artisan(5): Illuminate/Foundation/Application->handleCommand(Object(Symfony/Component/Console/Input/ArgvInput))
#47 {main}

[previous exception] [object] (Illuminate\\Database\\QueryException(code: 2002): SQLSTATE[HY000] [2002] No connection could be made because the target machine actively refused it (Connection: mysql, Host: 127.0.0.1, Port: 3306, Database: football_global, SQL: drop table `football_global`.`migrations`) at C:/xampp/htdocs/ScoreTime_FullStack_V1.3/backend-laravel/vendor/laravel/framework/src/Illuminate/Database/Connection.php:838)
[stacktrace]
#0 C:/xampp/htdocs/ScoreTime_FullStack_V1.3/backend-laravel/vendor/laravel/framework/src/Illuminate/Database/Connection.php(999): Illuminate/Database/Connection->runQueryCallback('drop table `foo...', Array, Object(Closure))
#1 C:/xampp/htdocs/ScoreTime_FullStack_V1.3/backend-laravel/vendor/laravel/framework/src/Illuminate/Database/Connection.php(978): Illuminate/Database/Connection->tryAgainIfCausedByLostConnection(Object(Illuminate/Database/QueryException), 'drop table `foo...', Array, Object(Closure))
#2 C:/xampp/htdocs/ScoreTime_FullStack_V1.3/backend-laravel/vendor/laravel/framework/src/Illuminate/Database/Connection.php(796): Illuminate/Database/Connection->handleQueryException(Object(Illuminate/Database/QueryException), 'drop table `foo...', Array, Object(Closure))
#3 C:/xampp/htdocs/ScoreTime_FullStack_V1.3/backend-laravel/vendor/laravel/framework/src/Illuminate/Database/Connection.php(573): Illuminate/Database/Connection->run('drop table `foo...', Array, Object(Closure))
#4 C:/xampp/htdocs/ScoreTime_FullStack_V1.3/backend-laravel/vendor/laravel/framework/src/Illuminate/Database/Schema/MySqlBuilder.php(23): Illuminate/Database/Connection->statement('drop table `foo...')
#5 C:/xampp/htdocs/ScoreTime_FullStack_V1.3/backend-laravel/vendor/laravel/framework/src/Illuminate/Database/Console/WipeCommand.php(75): Illuminate/Database/Schema/MySqlBuilder->dropAllTables()
#6 C:/xampp/htdocs/ScoreTime_FullStack_V1.3/backend-laravel/vendor/laravel/framework/src/Illuminate/Database/Console/WipeCommand.php(50): Illuminate/Database/Console/WipeCommand->dropAllTables(NULL)
#7 C:/xampp/htdocs/ScoreTime_FullStack_V1.3/backend-laravel/vendor/laravel/framework/src/Illuminate/Container/BoundMethod.php(36): Illuminate/Database/Console/WipeCommand->handle()
#8 C:/xampp/htdocs/ScoreTime_FullStack_V1.3/backend-laravel/vendor/laravel/framework/src/Illuminate/Container/Util.php(43): Illuminate/Container/BoundMethod::Illuminate/Container/{closure}()
#9 C:/xampp/htdocs/ScoreTime_FullStack_V1.3/backend-laravel/vendor/laravel/framework/src/Illuminate/Container/BoundMethod.php(96): Illuminate/Container/Util::unwrapIfClosure(Object(Closure))
#10 C:/xampp/htdocs/ScoreTime_FullStack_V1.3/backend-laravel/vendor/laravel/framework/src/Illuminate/Container/BoundMethod.php(35): Illuminate/Container/BoundMethod::callBoundMethod(Object(Illuminate/Foundation/Application), Array, Object(Closure))
#11 C:/xampp/htdocs/ScoreTime_FullStack_V1.3/backend-laravel/vendor/laravel/framework/src/Illuminate/Container/Container.php(799): Illuminate/Container/BoundMethod::call(Object(Illuminate/Foundation/Application), Array, Array, NULL)
#12 C:/xampp/htdocs/ScoreTime_FullStack_V1.3/backend-laravel/vendor/laravel/framework/src/Illuminate/Console/Command.php(211): Illuminate/Container/Container->call(Array)
#13 C:/xampp/htdocs/ScoreTime_FullStack_V1.3/backend-laravel/vendor/symfony/console/Command/Command.php(341): Illuminate/Console/Command->execute(Object(Symfony/Component/Console/Input/ArrayInput), Object(Illuminate/Console/OutputStyle))
#14 C:/xampp/htdocs/ScoreTime_FullStack_V1.3/backend-laravel/vendor/laravel/framework/src/Illuminate/Console/Command.php(180): Symfony/Component/Console/Command/Command->run(Object(Symfony/Component/Console/Input/ArrayInput), Object(Illuminate/Console/OutputStyle))
#15 C:/xampp/htdocs/ScoreTime_FullStack_V1.3/backend-laravel/vendor/laravel/framework/src/Illuminate/Console/Concerns/CallsCommands.php(68): Illuminate/Console/Command->run(Object(Symfony/Component/Console/Input/ArrayInput), Object(Symfony/Component/Console/Output/NullOutput))
#16 C:/xampp/htdocs/ScoreTime_FullStack_V1.3/backend-laravel/vendor/laravel/framework/src/Illuminate/Console/Concerns/CallsCommands.php(41): Illuminate/Console/Command->runCommand('db:wipe', Array, Object(Symfony/Component/Console/Output/NullOutput))
#17 C:/xampp/htdocs/ScoreTime_FullStack_V1.3/backend-laravel/vendor/laravel/framework/src/Illuminate/Database/Console/Migrations/FreshCommand.php(77): Illuminate/Console/Command->callSilent('db:wipe', Array)
#18 C:/xampp/htdocs/ScoreTime_FullStack_V1.3/backend-laravel/vendor/laravel/framework/src/Illuminate/Console/View/Components/Task.php(41): Illuminate/Database/Console/Migrations/FreshCommand->Illuminate/Database/Console/Migrations/{closure}()
#19 C:/xampp/htdocs/ScoreTime_FullStack_V1.3/backend-laravel/vendor/laravel/framework/src/Illuminate/Console/View/Components/Factory.php(59): Illuminate/Console/View/Components/Task->render('Dropping all ta...', Object(Closure))
#20 C:/xampp/htdocs/ScoreTime_FullStack_V1.3/backend-laravel/vendor/laravel/framework/src/Illuminate/Database/Console/Migrations/FreshCommand.php(77): Illuminate/Console/View/Components/Factory->__call('task', Array)
#21 C:/xampp/htdocs/ScoreTime_FullStack_V1.3/backend-laravel/vendor/laravel/framework/src/Illuminate/Database/Migrations/Migrator.php(671): Illuminate/Database/Console/Migrations/FreshCommand->Illuminate/Database/Console/Migrations/{closure}()
#22 C:/xampp/htdocs/ScoreTime_FullStack_V1.3/backend-laravel/vendor/laravel/framework/src/Illuminate/Database/Console/Migrations/FreshCommand.php(67): Illuminate/Database/Migrations/Migrator->usingConnection(NULL, Object(Closure))
#23 C:/xampp/htdocs/ScoreTime_FullStack_V1.3/backend-laravel/vendor/laravel/framework/src/Illuminate/Container/BoundMethod.php(36): Illuminate/Database/Console/Migrations/FreshCommand->handle()
#24 C:/xampp/htdocs/ScoreTime_FullStack_V1.3/backend-laravel/vendor/laravel/framework/src/Illuminate/Container/Util.php(43): Illuminate/Container/BoundMethod::Illuminate/Container/{closure}()
#25 C:/xampp/htdocs/ScoreTime_FullStack_V1.3/backend-laravel/vendor/laravel/framework/src/Illuminate/Container/BoundMethod.php(96): Illuminate/Container/Util::unwrapIfClosure(Object(Closure))
#26 C:/xampp/htdocs/ScoreTime_FullStack_V1.3/backend-laravel/vendor/laravel/framework/src/Illuminate/Container/BoundMethod.php(35): Illuminate/Container/BoundMethod::callBoundMethod(Object(Illuminate/Foundation/Application), Array, Object(Closure))
#27 C:/xampp/htdocs/ScoreTime_FullStack_V1.3/backend-laravel/vendor/laravel/framework/src/Illuminate/Container/Container.php(799): Illuminate/Container/BoundMethod::call(Object(Illuminate/Foundation/Application), Array, Array, NULL)
#28 C:/xampp/htdocs/ScoreTime_FullStack_V1.3/backend-laravel/vendor/laravel/framework/src/Illuminate/Console/Command.php(211): Illuminate/Container/Container->call(Array)
#29 C:/xampp/htdocs/ScoreTime_FullStack_V1.3/backend-laravel/vendor/symfony/console/Command/Command.php(341): Illuminate/Console/Command->execute(Object(Symfony/Component/Console/Input/ArgvInput), Object(Illuminate/Console/OutputStyle))
#30 C:/xampp/htdocs/ScoreTime_FullStack_V1.3/backend-laravel/vendor/laravel/framework/src/Illuminate/Console/Command.php(180): Symfony/Component/Console/Command/Command->run(Object(Symfony/Component/Console/Input/ArgvInput), Object(Illuminate/Console/OutputStyle))
#31 C:/xampp/htdocs/ScoreTime_FullStack_V1.3/backend-laravel/vendor/symfony/console/Application.php(1117): Illuminate/Console/Command->run(Object(Symfony/Component/Console/Input/ArgvInput), Object(Symfony/Component/Console/Output/ConsoleOutput))
#32 C:/xampp/htdocs/ScoreTime_FullStack_V1.3/backend-laravel/vendor/symfony/console/Application.php(356): Symfony/Component/Console/Application->doRunCommand(Object(Illuminate/Database/Console/Migrations/FreshCommand), Object(Symfony/Component/Console/Input/ArgvInput), Object(Symfony/Component/Console/Output/ConsoleOutput))
#33 C:/xampp/htdocs/ScoreTime_FullStack_V1.3/backend-laravel/vendor/symfony/console/Application.php(195): Symfony/Component/Console/Application->doRun(Object(Symfony/Component/Console/Input/ArgvInput), Object(Symfony/Component/Console/Output/ConsoleOutput))
#34 C:/xampp/htdocs/ScoreTime_FullStack_V1.3/backend-laravel/vendor/laravel/framework/src/Illuminate/Foundation/Console/Kernel.php(198): Symfony/Component/Console/Application->run(Object(Symfony/Component/Console/Input/ArgvInput), Object(Symfony/Component/Console/Output/ConsoleOutput))
#35 C:/xampp/htdocs/ScoreTime_FullStack_V1.3/backend-laravel/vendor/laravel/framework/src/Illuminate/Foundation/Application.php(1235): Illuminate/Foundation/Console/Kernel->handle(Object(Symfony/Component/Console/Input/ArgvInput), Object(Symfony/Component/Console/Output/ConsoleOutput))
#36 C:/xampp/htdocs/ScoreTime_FullStack_V1.3/backend-laravel/artisan(5): Illuminate/Foundation/Application->handleCommand(Object(Symfony/Component/Console/Input/ArgvInput))
#37 {main}

[previous exception] [object] (PDOException(code: 2002): SQLSTATE[HY000] [2002] No connection could be made because the target machine actively refused it at C:/xampp/htdocs/ScoreTime_FullStack_V1.3/backend-laravel/vendor/laravel/framework/src/Illuminate/Database/Connectors/Connector.php:66)
[stacktrace]
#0 C:/xampp/htdocs/ScoreTime_FullStack_V1.3/backend-laravel/vendor/laravel/framework/src/Illuminate/Database/Connectors/Connector.php(66): PDO->__construct('mysql:host=127....', 'root', Object(SensitiveParameterValue), Array)
#1 C:/xampp/htdocs/ScoreTime_FullStack_V1.3/backend-laravel/vendor/laravel/framework/src/Illuminate/Database/Connectors/Connector.php(85): Illuminate/Database/Connectors/Connector->createPdoConnection('mysql:host=127....', 'root', Object(SensitiveParameterValue), Array)
#2 C:/xampp/htdocs/ScoreTime_FullStack_V1.3/backend-laravel/vendor/laravel/framework/src/Illuminate/Database/Connectors/Connector.php(48): Illuminate/Database/Connectors/Connector->tryAgainIfCausedByLostConnection(Object(PDOException), 'mysql:host=127....', 'root', Object(SensitiveParameterValue), Array)
#3 C:/xampp/htdocs/ScoreTime_FullStack_V1.3/backend-laravel/vendor/laravel/framework/src/Illuminate/Database/Connectors/MySqlConnector.php(24): Illuminate/Database/Connectors/Connector->createConnection('mysql:host=127....', Array, Array)
#4 C:/xampp/htdocs/ScoreTime_FullStack_V1.3/backend-laravel/vendor/laravel/framework/src/Illuminate/Database/Connectors/ConnectionFactory.php(186): Illuminate/Database/Connectors/MySqlConnector->connect(Array)
#5 [internal function]: Illuminate/Database/Connectors/ConnectionFactory->Illuminate/Database/Connectors/{closure}()
#6 C:/xampp/htdocs/ScoreTime_FullStack_V1.3/backend-laravel/vendor/laravel/framework/src/Illuminate/Database/Connection.php(1257): call_user_func(Object(Closure))
#7 C:/xampp/htdocs/ScoreTime_FullStack_V1.3/backend-laravel/vendor/laravel/framework/src/Illuminate/Database/Connection.php(578): Illuminate/Database/Connection->getPdo()
#8 C:/xampp/htdocs/ScoreTime_FullStack_V1.3/backend-laravel/vendor/laravel/framework/src/Illuminate/Database/Connection.php(827): Illuminate/Database/Connection->Illuminate/Database/{closure}('drop table `foo...', Array)
#9 C:/xampp/htdocs/ScoreTime_FullStack_V1.3/backend-laravel/vendor/laravel/framework/src/Illuminate/Database/Connection.php(999): Illuminate/Database/Connection->runQueryCallback('drop table `foo...', Array, Object(Closure))
#10 C:/xampp/htdocs/ScoreTime_FullStack_V1.3/backend-laravel/vendor/laravel/framework/src/Illuminate/Database/Connection.php(978): Illuminate/Database/Connection->tryAgainIfCausedByLostConnection(Object(Illuminate/Database/QueryException), 'drop table `foo...', Array, Object(Closure))
#11 C:/xampp/htdocs/ScoreTime_FullStack_V1.3/backend-laravel/vendor/laravel/framework/src/Illuminate/Database/Connection.php(796): Illuminate/Database/Connection->handleQueryException(Object(Illuminate/Database/QueryException), 'drop table `foo...', Array, Object(Closure))
#12 C:/xampp/htdocs/ScoreTime_FullStack_V1.3/backend-laravel/vendor/laravel/framework/src/Illuminate/Database/Connection.php(573): Illuminate/Database/Connection->run('drop table `foo...', Array, Object(Closure))
#13 C:/xampp/htdocs/ScoreTime_FullStack_V1.3/backend-laravel/vendor/laravel/framework/src/Illuminate/Database/Schema/MySqlBuilder.php(23): Illuminate/Database/Connection->statement('drop table `foo...')
#14 C:/xampp/htdocs/ScoreTime_FullStack_V1.3/backend-laravel/vendor/laravel/framework/src/Illuminate/Database/Console/WipeCommand.php(75): Illuminate/Database/Schema/MySqlBuilder->dropAllTables()
#15 C:/xampp/htdocs/ScoreTime_FullStack_V1.3/backend-laravel/vendor/laravel/framework/src/Illuminate/Database/Console/WipeCommand.php(50): Illuminate/Database/Console/WipeCommand->dropAllTables(NULL)
#16 C:/xampp/htdocs/ScoreTime_FullStack_V1.3/backend-laravel/vendor/laravel/framework/src/Illuminate/Container/BoundMethod.php(36): Illuminate/Database/Console/WipeCommand->handle()
#17 C:/xampp/htdocs/ScoreTime_FullStack_V1.3/backend-laravel/vendor/laravel/framework/src/Illuminate/Container/Util.php(43): Illuminate/Container/BoundMethod::Illuminate/Container/{closure}()
#18 C:/xampp/htdocs/ScoreTime_FullStack_V1.3/backend-laravel/vendor/laravel/framework/src/Illuminate/Container/BoundMethod.php(96): Illuminate/Container/Util::unwrapIfClosure(Object(Closure))
#19 C:/xampp/htdocs/ScoreTime_FullStack_V1.3/backend-laravel/vendor/laravel/framework/src/Illuminate/Container/BoundMethod.php(35): Illuminate/Container/BoundMethod::callBoundMethod(Object(Illuminate/Foundation/Application), Array, Object(Closure))
#20 C:/xampp/htdocs/ScoreTime_FullStack_V1.3/backend-laravel/vendor/laravel/framework/src/Illuminate/Container/Container.php(799): Illuminate/Container/BoundMethod::call(Object(Illuminate/Foundation/Application), Array, Array, NULL)
#21 C:/xampp/htdocs/ScoreTime_FullStack_V1.3/backend-laravel/vendor/laravel/framework/src/Illuminate/Console/Command.php(211): Illuminate/Container/Container->call(Array)
#22 C:/xampp/htdocs/ScoreTime_FullStack_V1.3/backend-laravel/vendor/symfony/console/Command/Command.php(341): Illuminate/Console/Command->execute(Object(Symfony/Component/Console/Input/ArrayInput), Object(Illuminate/Console/OutputStyle))
#23 C:/xampp/htdocs/ScoreTime_FullStack_V1.3/backend-laravel/vendor/laravel/framework/src/Illuminate/Console/Command.php(180): Symfony/Component/Console/Command/Command->run(Object(Symfony/Component/Console/Input/ArrayInput), Object(Illuminate/Console/OutputStyle))
#24 C:/xampp/htdocs/ScoreTime_FullStack_V1.3/backend-laravel/vendor/laravel/framework/src/Illuminate/Console/Concerns/CallsCommands.php(68): Illuminate/Console/Command->run(Object(Symfony/Component/Console/Input/ArrayInput), Object(Symfony/Component/Console/Output/NullOutput))
#25 C:/xampp/htdocs/ScoreTime_FullStack_V1.3/backend-laravel/vendor/laravel/framework/src/Illuminate/Console/Concerns/CallsCommands.php(41): Illuminate/Console/Command->runCommand('db:wipe', Array, Object(Symfony/Component/Console/Output/NullOutput))
#26 C:/xampp/htdocs/ScoreTime_FullStack_V1.3/backend-laravel/vendor/laravel/framework/src/Illuminate/Database/Console/Migrations/FreshCommand.php(77): Illuminate/Console/Command->callSilent('db:wipe', Array)
#27 C:/xampp/htdocs/ScoreTime_FullStack_V1.3/backend-laravel/vendor/laravel/framework/src/Illuminate/Console/View/Components/Task.php(41): Illuminate/Database/Console/Migrations/FreshCommand->Illuminate/Database/Console/Migrations/{closure}()
#28 C:/xampp/htdocs/ScoreTime_FullStack_V1.3/backend-laravel/vendor/laravel/framework/src/Illuminate/Console/View/Components/Factory.php(59): Illuminate/Console/View/Components/Task->render('Dropping all ta...', Object(Closure))
#29 C:/xampp/htdocs/ScoreTime_FullStack_V1.3/backend-laravel/vendor/laravel/framework/src/Illuminate/Database/Console/Migrations/FreshCommand.php(77): Illuminate/Console/View/Components/Factory->__call('task', Array)
#30 C:/xampp/htdocs/ScoreTime_FullStack_V1.3/backend-laravel/vendor/laravel/framework/src/Illuminate/Database/Migrations/Migrator.php(671): Illuminate/Database/Console/Migrations/FreshCommand->Illuminate/Database/Console/Migrations/{closure}()
#31 C:/xampp/htdocs/ScoreTime_FullStack_V1.3/backend-laravel/vendor/laravel/framework/src/Illuminate/Database/Console/Migrations/FreshCommand.php(67): Illuminate/Database/Migrations/Migrator->usingConnection(NULL, Object(Closure))
#32 C:/xampp/htdocs/ScoreTime_FullStack_V1.3/backend-laravel/vendor/laravel/framework/src/Illuminate/Container/BoundMethod.php(36): Illuminate/Database/Console/Migrations/FreshCommand->handle()
#33 C:/xampp/htdocs/ScoreTime_FullStack_V1.3/backend-laravel/vendor/laravel/framework/src/Illuminate/Container/Util.php(43): Illuminate/Container/BoundMethod::Illuminate/Container/{closure}()
#34 C:/xampp/htdocs/ScoreTime_FullStack_V1.3/backend-laravel/vendor/laravel/framework/src/Illuminate/Container/BoundMethod.php(96): Illuminate/Container/Util::unwrapIfClosure(Object(Closure))
#35 C:/xampp/htdocs/ScoreTime_FullStack_V1.3/backend-laravel/vendor/laravel/framework/src/Illuminate/Container/BoundMethod.php(35): Illuminate/Container/BoundMethod::callBoundMethod(Object(Illuminate/Foundation/Application), Array, Object(Closure))
#36 C:/xampp/htdocs/ScoreTime_FullStack_V1.3/backend-laravel/vendor/laravel/framework/src/Illuminate/Container/Container.php(799): Illuminate/Container/BoundMethod::call(Object(Illuminate/Foundation/Application), Array, Array, NULL)
#37 C:/xampp/htdocs/ScoreTime_FullStack_V1.3/backend-laravel/vendor/laravel/framework/src/Illuminate/Console/Command.php(211): Illuminate/Container/Container->call(Array)
#38 C:/xampp/htdocs/ScoreTime_FullStack_V1.3/backend-laravel/vendor/symfony/console/Command/Command.php(341): Illuminate/Console/Command->execute(Object(Symfony/Component/Console/Input/ArgvInput), Object(Illuminate/Console/OutputStyle))
#39 C:/xampp/htdocs/ScoreTime_FullStack_V1.3/backend-laravel/vendor/laravel/framework/src/Illuminate/Console/Command.php(180): Symfony/Component/Console/Command/Command->run(Object(Symfony/Component/Console/Input/ArgvInput), Object(Illuminate/Console/OutputStyle))
#40 C:/xampp/htdocs/ScoreTime_FullStack_V1.3/backend-laravel/vendor/symfony/console/Application.php(1117): Illuminate/Console/Command->run(Object(Symfony/Component/Console/Input/ArgvInput), Object(Symfony/Component/Console/Output/ConsoleOutput))
#41 C:/xampp/htdocs/ScoreTime_FullStack_V1.3/backend-laravel/vendor/symfony/console/Application.php(356): Symfony/Component/Console/Application->doRunCommand(Object(Illuminate/Database/Console/Migrations/FreshCommand), Object(Symfony/Component/Console/Input/ArgvInput), Object(Symfony/Component/Console/Output/ConsoleOutput))
#42 C:/xampp/htdocs/ScoreTime_FullStack_V1.3/backend-laravel/vendor/symfony/console/Application.php(195): Symfony/Component/Console/Application->doRun(Object(Symfony/Component/Console/Input/ArgvInput), Object(Symfony/Component/Console/Output/ConsoleOutput))
#43 C:/xampp/htdocs/ScoreTime_FullStack_V1.3/backend-laravel/vendor/laravel/framework/src/Illuminate/Foundation/Console/Kernel.php(198): Symfony/Component/Console/Application->run(Object(Symfony/Component/Console/Input/ArgvInput), Object(Symfony/Component/Console/Output/ConsoleOutput))
#44 C:/xampp/htdocs/ScoreTime_FullStack_V1.3/backend-laravel/vendor/laravel/framework/src/Illuminate/Foundation/Application.php(1235): Illuminate/Foundation/Console/Kernel->handle(Object(Symfony/Component/Console/Input/ArgvInput), Object(Symfony/Component/Console/Output/ConsoleOutput))
#45 C:/xampp/htdocs/ScoreTime_FullStack_V1.3/backend-laravel/artisan(5): Illuminate/Foundation/Application->handleCommand(Object(Symfony/Component/Console/Input/ArgvInput))
#46 {main}
"} 
[2026-08-19 08:24:05] local.ERROR: SQLSTATE[23000]: Integrity constraint violation: 1062 Duplicate entry 'premier-league' for key 'competitions_slug_unique' (Connection: mysql, Host: 127.0.0.1, Port: 3306, Database: football_global, SQL: insert into `competitions` (`name_ar`, `name_en`, `slug`, `country`, `season`, `is_featured`, `sort_order`, `updated_at`, `created_at`) values (الدوري الإنجليزي الممتاز, Premier League, premier-league, England, 2026/27, 1, 1, 2026-08-19 08:24:05, 2026-08-19 08:24:05)) {"exception":"[object] (Illuminate\\Database\\UniqueConstraintViolationException(code: 23000): SQLSTATE[23000]: Integrity constraint violation: 1062 Duplicate entry 'premier-league' for key 'competitions_slug_unique' (Connection: mysql, Host: 127.0.0.1, Port: 3306, Database: football_global, SQL: insert into `competitions` (`name_ar`, `name_en`, `slug`, `country`, `season`, `is_featured`, `sort_order`, `updated_at`, `created_at`) values (الدوري الإنجليزي الممتاز, Premier League, premier-league, England, 2026/27, 1, 1, 2026-08-19 08:24:05, 2026-08-19 08:24:05)) at C:/xampp/htdocs/ScoreTime_FullStack_V1.3/backend-laravel/vendor/laravel/framework/src/Illuminate/Database/Connection.php:838)
[stacktrace]
#0 C:/xampp/htdocs/ScoreTime_FullStack_V1.3/backend-laravel/vendor/laravel/framework/src/Illuminate/Database/Connection.php(794): Illuminate/Database/Connection->runQueryCallback('insert into `co...', Array, Object(Closure))
#1 C:/xampp/htdocs/ScoreTime_FullStack_V1.3/backend-laravel/vendor/laravel/framework/src/Illuminate/Database/MySqlConnection.php(42): Illuminate/Database/Connection->run('insert into `co...', Array, Object(Closure))
#2 C:/xampp/htdocs/ScoreTime_FullStack_V1.3/backend-laravel/vendor/laravel/framework/src/Illuminate/Database/Query/Processors/MySqlProcessor.php(35): Illuminate/Database/MySqlConnection->insert('insert into `co...', Array, 'id')
#3 C:/xampp/htdocs/ScoreTime_FullStack_V1.3/backend-laravel/vendor/laravel/framework/src/Illuminate/Database/Query/Builder.php(4170): Illuminate/Database/Query/Processors/MySqlProcessor->processInsertGetId(Object(Illuminate/Database/Query/Builder), 'insert into `co...', Array, 'id')
#4 C:/xampp/htdocs/ScoreTime_FullStack_V1.3/backend-laravel/vendor/laravel/framework/src/Illuminate/Database/Eloquent/Builder.php(2237): Illuminate/Database/Query/Builder->insertGetId(Array, 'id')
#5 C:/xampp/htdocs/ScoreTime_FullStack_V1.3/backend-laravel/vendor/laravel/framework/src/Illuminate/Database/Eloquent/Model.php(1436): Illuminate/Database/Eloquent/Builder->__call('insertGetId', Array)
#6 C:/xampp/htdocs/ScoreTime_FullStack_V1.3/backend-laravel/vendor/laravel/framework/src/Illuminate/Database/Eloquent/Model.php(1401): Illuminate/Database/Eloquent/Model->insertAndSetId(Object(Illuminate/Database/Eloquent/Builder), Array)
#7 C:/xampp/htdocs/ScoreTime_FullStack_V1.3/backend-laravel/vendor/laravel/framework/src/Illuminate/Database/Eloquent/Model.php(1240): Illuminate/Database/Eloquent/Model->performInsert(Object(Illuminate/Database/Eloquent/Builder))
#8 C:/xampp/htdocs/ScoreTime_FullStack_V1.3/backend-laravel/vendor/laravel/framework/src/Illuminate/Database/Eloquent/Builder.php(1219): Illuminate/Database/Eloquent/Model->save()
#9 C:/xampp/htdocs/ScoreTime_FullStack_V1.3/backend-laravel/vendor/laravel/framework/src/Illuminate/Support/helpers.php(393): Illuminate/Database/Eloquent/Builder->Illuminate/Database/Eloquent/{closure}(Object(App/Models/Competition))
#10 C:/xampp/htdocs/ScoreTime_FullStack_V1.3/backend-laravel/vendor/laravel/framework/src/Illuminate/Database/Eloquent/Builder.php(1218): tap(Object(App/Models/Competition), Object(Closure))
#11 C:/xampp/htdocs/ScoreTime_FullStack_V1.3/backend-laravel/vendor/laravel/framework/src/Illuminate/Support/Traits/ForwardsCalls.php(23): Illuminate/Database/Eloquent/Builder->create(Array)
#12 C:/xampp/htdocs/ScoreTime_FullStack_V1.3/backend-laravel/vendor/laravel/framework/src/Illuminate/Database/Eloquent/Model.php(2544): Illuminate/Database/Eloquent/Model->forwardCallTo(Object(Illuminate/Database/Eloquent/Builder), 'create', Array)
#13 C:/xampp/htdocs/ScoreTime_FullStack_V1.3/backend-laravel/vendor/laravel/framework/src/Illuminate/Database/Eloquent/Model.php(2560): Illuminate/Database/Eloquent/Model->__call('create', Array)
#14 C:/xampp/htdocs/ScoreTime_FullStack_V1.3/backend-laravel/database/seeders/DatabaseSeeder.php(3): Illuminate/Database/Eloquent/Model::__callStatic('create', Array)
#15 C:/xampp/htdocs/ScoreTime_FullStack_V1.3/backend-laravel/vendor/laravel/framework/src/Illuminate/Container/BoundMethod.php(36): Database/Seeders/DatabaseSeeder->run()
#16 C:/xampp/htdocs/ScoreTime_FullStack_V1.3/backend-laravel/vendor/laravel/framework/src/Illuminate/Container/Util.php(43): Illuminate/Container/BoundMethod::Illuminate/Container/{closure}()
#17 C:/xampp/htdocs/ScoreTime_FullStack_V1.3/backend-laravel/vendor/laravel/framework/src/Illuminate/Container/BoundMethod.php(96): Illuminate/Container/Util::unwrapIfClosure(Object(Closure))
#18 C:/xampp/htdocs/ScoreTime_FullStack_V1.3/backend-laravel/vendor/laravel/framework/src/Illuminate/Container/BoundMethod.php(35): Illuminate/Container/BoundMethod::callBoundMethod(Object(Illuminate/Foundation/Application), Array, Object(Closure))
#19 C:/xampp/htdocs/ScoreTime_FullStack_V1.3/backend-laravel/vendor/laravel/framework/src/Illuminate/Container/Container.php(799): Illuminate/Container/BoundMethod::call(Object(Illuminate/Foundation/Application), Array, Array, NULL)
#20 C:/xampp/htdocs/ScoreTime_FullStack_V1.3/backend-laravel/vendor/laravel/framework/src/Illuminate/Database/Seeder.php(184): Illuminate/Container/Container->call(Array, Array)
#21 C:/xampp/htdocs/ScoreTime_FullStack_V1.3/backend-laravel/vendor/laravel/framework/src/Illuminate/Database/Seeder.php(193): Illuminate/Database/Seeder->Illuminate/Database/{closure}()
#22 C:/xampp/htdocs/ScoreTime_FullStack_V1.3/backend-laravel/vendor/laravel/framework/src/Illuminate/Database/Console/Seeds/SeedCommand.php(71): Illuminate/Database/Seeder->__invoke()
#23 C:/xampp/htdocs/ScoreTime_FullStack_V1.3/backend-laravel/vendor/laravel/framework/src/Illuminate/Database/Eloquent/Concerns/GuardsAttributes.php(157): Illuminate/Database/Console/Seeds/SeedCommand->Illuminate/Database/Console/Seeds/{closure}()
#24 C:/xampp/htdocs/ScoreTime_FullStack_V1.3/backend-laravel/vendor/laravel/framework/src/Illuminate/Database/Console/Seeds/SeedCommand.php(70): Illuminate/Database/Eloquent/Model::unguarded(Object(Closure))
#25 C:/xampp/htdocs/ScoreTime_FullStack_V1.3/backend-laravel/vendor/laravel/framework/src/Illuminate/Container/BoundMethod.php(36): Illuminate/Database/Console/Seeds/SeedCommand->handle()
#26 C:/xampp/htdocs/ScoreTime_FullStack_V1.3/backend-laravel/vendor/laravel/framework/src/Illuminate/Container/Util.php(43): Illuminate/Container/BoundMethod::Illuminate/Container/{closure}()
#27 C:/xampp/htdocs/ScoreTime_FullStack_V1.3/backend-laravel/vendor/laravel/framework/src/Illuminate/Container/BoundMethod.php(96): Illuminate/Container/Util::unwrapIfClosure(Object(Closure))
#28 C:/xampp/htdocs/ScoreTime_FullStack_V1.3/backend-laravel/vendor/laravel/framework/src/Illuminate/Container/BoundMethod.php(35): Illuminate/Container/BoundMethod::callBoundMethod(Object(Illuminate/Foundation/Application), Array, Object(Closure))
#29 C:/xampp/htdocs/ScoreTime_FullStack_V1.3/backend-laravel/vendor/laravel/framework/src/Illuminate/Container/Container.php(799): Illuminate/Container/BoundMethod::call(Object(Illuminate/Foundation/Application), Array, Array, NULL)
#30 C:/xampp/htdocs/ScoreTime_FullStack_V1.3/backend-laravel/vendor/laravel/framework/src/Illuminate/Console/Command.php(211): Illuminate/Container/Container->call(Array)
#31 C:/xampp/htdocs/ScoreTime_FullStack_V1.3/backend-laravel/vendor/symfony/console/Command/Command.php(341): Illuminate/Console/Command->execute(Object(Symfony/Component/Console/Input/ArrayInput), Object(Illuminate/Console/OutputStyle))
#32 C:/xampp/htdocs/ScoreTime_FullStack_V1.3/backend-laravel/vendor/laravel/framework/src/Illuminate/Console/Command.php(180): Symfony/Component/Console/Command/Command->run(Object(Symfony/Component/Console/Input/ArrayInput), Object(Illuminate/Console/OutputStyle))
#33 C:/xampp/htdocs/ScoreTime_FullStack_V1.3/backend-laravel/vendor/laravel/framework/src/Illuminate/Console/Concerns/CallsCommands.php(68): Illuminate/Console/Command->run(Object(Symfony/Component/Console/Input/ArrayInput), Object(Illuminate/Console/OutputStyle))
#34 C:/xampp/htdocs/ScoreTime_FullStack_V1.3/backend-laravel/vendor/laravel/framework/src/Illuminate/Console/Concerns/CallsCommands.php(29): Illuminate/Console/Command->runCommand('db:seed', Array, Object(Illuminate/Console/OutputStyle))
#35 C:/xampp/htdocs/ScoreTime_FullStack_V1.3/backend-laravel/vendor/laravel/framework/src/Illuminate/Database/Console/Migrations/MigrateCommand.php(125): Illuminate/Console/Command->call('db:seed', Array)
#36 C:/xampp/htdocs/ScoreTime_FullStack_V1.3/backend-laravel/vendor/laravel/framework/src/Illuminate/Database/Migrations/Migrator.php(671): Illuminate/Database/Console/Migrations/MigrateCommand->Illuminate/Database/Console/Migrations/{closure}()
#37 C:/xampp/htdocs/ScoreTime_FullStack_V1.3/backend-laravel/vendor/laravel/framework/src/Illuminate/Database/Console/Migrations/MigrateCommand.php(109): Illuminate/Database/Migrations/Migrator->usingConnection(NULL, Object(Closure))
#38 C:/xampp/htdocs/ScoreTime_FullStack_V1.3/backend-laravel/vendor/laravel/framework/src/Illuminate/Database/Console/Migrations/MigrateCommand.php(88): Illuminate/Database/Console/Migrations/MigrateCommand->runMigrations()
#39 C:/xampp/htdocs/ScoreTime_FullStack_V1.3/backend-laravel/vendor/laravel/framework/src/Illuminate/Container/BoundMethod.php(36): Illuminate/Database/Console/Migrations/MigrateCommand->handle()
#40 C:/xampp/htdocs/ScoreTime_FullStack_V1.3/backend-laravel/vendor/laravel/framework/src/Illuminate/Container/Util.php(43): Illuminate/Container/BoundMethod::Illuminate/Container/{closure}()
#41 C:/xampp/htdocs/ScoreTime_FullStack_V1.3/backend-laravel/vendor/laravel/framework/src/Illuminate/Container/BoundMethod.php(96): Illuminate/Container/Util::unwrapIfClosure(Object(Closure))
#42 C:/xampp/htdocs/ScoreTime_FullStack_V1.3/backend-laravel/vendor/laravel/framework/src/Illuminate/Container/BoundMethod.php(35): Illuminate/Container/BoundMethod::callBoundMethod(Object(Illuminate/Foundation/Application), Array, Object(Closure))
#43 C:/xampp/htdocs/ScoreTime_FullStack_V1.3/backend-laravel/vendor/laravel/framework/src/Illuminate/Container/Container.php(799): Illuminate/Container/BoundMethod::call(Object(Illuminate/Foundation/Application), Array, Array, NULL)
#44 C:/xampp/htdocs/ScoreTime_FullStack_V1.3/backend-laravel/vendor/laravel/framework/src/Illuminate/Console/Command.php(211): Illuminate/Container/Container->call(Array)
#45 C:/xampp/htdocs/ScoreTime_FullStack_V1.3/backend-laravel/vendor/symfony/console/Command/Command.php(341): Illuminate/Console/Command->execute(Object(Symfony/Component/Console/Input/ArgvInput), Object(Illuminate/Console/OutputStyle))
#46 C:/xampp/htdocs/ScoreTime_FullStack_V1.3/backend-laravel/vendor/laravel/framework/src/Illuminate/Console/Command.php(180): Symfony/Component/Console/Command/Command->run(Object(Symfony/Component/Console/Input/ArgvInput), Object(Illuminate/Console/OutputStyle))
#47 C:/xampp/htdocs/ScoreTime_FullStack_V1.3/backend-laravel/vendor/symfony/console/Application.php(1117): Illuminate/Console/Command->run(Object(Symfony/Component/Console/Input/ArgvInput), Object(Symfony/Component/Console/Output/ConsoleOutput))
#48 C:/xampp/htdocs/ScoreTime_FullStack_V1.3/backend-laravel/vendor/symfony/console/Application.php(356): Symfony/Component/Console/Application->doRunCommand(Object(Illuminate/Database/Console/Migrations/MigrateCommand), Object(Symfony/Component/Console/Input/ArgvInput), Object(Symfony/Component/Console/Output/ConsoleOutput))
#49 C:/xampp/htdocs/ScoreTime_FullStack_V1.3/backend-laravel/vendor/symfony/console/Application.php(195): Symfony/Component/Console/Application->doRun(Object(Symfony/Component/Console/Input/ArgvInput), Object(Symfony/Component/Console/Output/ConsoleOutput))
#50 C:/xampp/htdocs/ScoreTime_FullStack_V1.3/backend-laravel/vendor/laravel/framework/src/Illuminate/Foundation/Console/Kernel.php(198): Symfony/Component/Console/Application->run(Object(Symfony/Component/Console/Input/ArgvInput), Object(Symfony/Component/Console/Output/ConsoleOutput))
#51 C:/xampp/htdocs/ScoreTime_FullStack_V1.3/backend-laravel/vendor/laravel/framework/src/Illuminate/Foundation/Application.php(1235): Illuminate/Foundation/Console/Kernel->handle(Object(Symfony/Component/Console/Input/ArgvInput), Object(Symfony/Component/Console/Output/ConsoleOutput))
#52 C:/xampp/htdocs/ScoreTime_FullStack_V1.3/backend-laravel/artisan(5): Illuminate/Foundation/Application->handleCommand(Object(Symfony/Component/Console/Input/ArgvInput))
#53 {main}

[previous exception] [object] (PDOException(code: 23000): SQLSTATE[23000]: Integrity constraint violation: 1062 Duplicate entry 'premier-league' for key 'competitions_slug_unique' at C:/xampp/htdocs/ScoreTime_FullStack_V1.3/backend-laravel/vendor/laravel/framework/src/Illuminate/Database/MySqlConnection.php:53)
[stacktrace]
#0 C:/xampp/htdocs/ScoreTime_FullStack_V1.3/backend-laravel/vendor/laravel/framework/src/Illuminate/Database/MySqlConnection.php(53): PDOStatement->execute()
#1 C:/xampp/htdocs/ScoreTime_FullStack_V1.3/backend-laravel/vendor/laravel/framework/src/Illuminate/Database/Connection.php(827): Illuminate/Database/MySqlConnection->Illuminate/Database/{closure}('insert into `co...', Array)
#2 C:/xampp/htdocs/ScoreTime_FullStack_V1.3/backend-laravel/vendor/laravel/framework/src/Illuminate/Database/Connection.php(794): Illuminate/Database/Connection->runQueryCallback('insert into `co...', Array, Object(Closure))
#3 C:/xampp/htdocs/ScoreTime_FullStack_V1.3/backend-laravel/vendor/laravel/framework/src/Illuminate/Database/MySqlConnection.php(42): Illuminate/Database/Connection->run('insert into `co...', Array, Object(Closure))
#4 C:/xampp/htdocs/ScoreTime_FullStack_V1.3/backend-laravel/vendor/laravel/framework/src/Illuminate/Database/Query/Processors/MySqlProcessor.php(35): Illuminate/Database/MySqlConnection->insert('insert into `co...', Array, 'id')
#5 C:/xampp/htdocs/ScoreTime_FullStack_V1.3/backend-laravel/vendor/laravel/framework/src/Illuminate/Database/Query/Builder.php(4170): Illuminate/Database/Query/Processors/MySqlProcessor->processInsertGetId(Object(Illuminate/Database/Query/Builder), 'insert into `co...', Array, 'id')
#6 C:/xampp/htdocs/ScoreTime_FullStack_V1.3/backend-laravel/vendor/laravel/framework/src/Illuminate/Database/Eloquent/Builder.php(2237): Illuminate/Database/Query/Builder->insertGetId(Array, 'id')
#7 C:/xampp/htdocs/ScoreTime_FullStack_V1.3/backend-laravel/vendor/laravel/framework/src/Illuminate/Database/Eloquent/Model.php(1436): Illuminate/Database/Eloquent/Builder->__call('insertGetId', Array)
#8 C:/xampp/htdocs/ScoreTime_FullStack_V1.3/backend-laravel/vendor/laravel/framework/src/Illuminate/Database/Eloquent/Model.php(1401): Illuminate/Database/Eloquent/Model->insertAndSetId(Object(Illuminate/Database/Eloquent/Builder), Array)
#9 C:/xampp/htdocs/ScoreTime_FullStack_V1.3/backend-laravel/vendor/laravel/framework/src/Illuminate/Database/Eloquent/Model.php(1240): Illuminate/Database/Eloquent/Model->performInsert(Object(Illuminate/Database/Eloquent/Builder))
#10 C:/xampp/htdocs/ScoreTime_FullStack_V1.3/backend-laravel/vendor/laravel/framework/src/Illuminate/Database/Eloquent/Builder.php(1219): Illuminate/Database/Eloquent/Model->save()
#11 C:/xampp/htdocs/ScoreTime_FullStack_V1.3/backend-laravel/vendor/laravel/framework/src/Illuminate/Support/helpers.php(393): Illuminate/Database/Eloquent/Builder->Illuminate/Database/Eloquent/{closure}(Object(App/Models/Competition))
#12 C:/xampp/htdocs/ScoreTime_FullStack_V1.3/backend-laravel/vendor/laravel/framework/src/Illuminate/Database/Eloquent/Builder.php(1218): tap(Object(App/Models/Competition), Object(Closure))
#13 C:/xampp/htdocs/ScoreTime_FullStack_V1.3/backend-laravel/vendor/laravel/framework/src/Illuminate/Support/Traits/ForwardsCalls.php(23): Illuminate/Database/Eloquent/Builder->create(Array)
#14 C:/xampp/htdocs/ScoreTime_FullStack_V1.3/backend-laravel/vendor/laravel/framework/src/Illuminate/Database/Eloquent/Model.php(2544): Illuminate/Database/Eloquent/Model->forwardCallTo(Object(Illuminate/Database/Eloquent/Builder), 'create', Array)
#15 C:/xampp/htdocs/ScoreTime_FullStack_V1.3/backend-laravel/vendor/laravel/framework/src/Illuminate/Database/Eloquent/Model.php(2560): Illuminate/Database/Eloquent/Model->__call('create', Array)
#16 C:/xampp/htdocs/ScoreTime_FullStack_V1.3/backend-laravel/database/seeders/DatabaseSeeder.php(3): Illuminate/Database/Eloquent/Model::__callStatic('create', Array)
#17 C:/xampp/htdocs/ScoreTime_FullStack_V1.3/backend-laravel/vendor/laravel/framework/src/Illuminate/Container/BoundMethod.php(36): Database/Seeders/DatabaseSeeder->run()
#18 C:/xampp/htdocs/ScoreTime_FullStack_V1.3/backend-laravel/vendor/laravel/framework/src/Illuminate/Container/Util.php(43): Illuminate/Container/BoundMethod::Illuminate/Container/{closure}()
#19 C:/xampp/htdocs/ScoreTime_FullStack_V1.3/backend-laravel/vendor/laravel/framework/src/Illuminate/Container/BoundMethod.php(96): Illuminate/Container/Util::unwrapIfClosure(Object(Closure))
#20 C:/xampp/htdocs/ScoreTime_FullStack_V1.3/backend-laravel/vendor/laravel/framework/src/Illuminate/Container/BoundMethod.php(35): Illuminate/Container/BoundMethod::callBoundMethod(Object(Illuminate/Foundation/Application), Array, Object(Closure))
#21 C:/xampp/htdocs/ScoreTime_FullStack_V1.3/backend-laravel/vendor/laravel/framework/src/Illuminate/Container/Container.php(799): Illuminate/Container/BoundMethod::call(Object(Illuminate/Foundation/Application), Array, Array, NULL)
#22 C:/xampp/htdocs/ScoreTime_FullStack_V1.3/backend-laravel/vendor/laravel/framework/src/Illuminate/Database/Seeder.php(184): Illuminate/Container/Container->call(Array, Array)
#23 C:/xampp/htdocs/ScoreTime_FullStack_V1.3/backend-laravel/vendor/laravel/framework/src/Illuminate/Database/Seeder.php(193): Illuminate/Database/Seeder->Illuminate/Database/{closure}()
#24 C:/xampp/htdocs/ScoreTime_FullStack_V1.3/backend-laravel/vendor/laravel/framework/src/Illuminate/Database/Console/Seeds/SeedCommand.php(71): Illuminate/Database/Seeder->__invoke()
#25 C:/xampp/htdocs/ScoreTime_FullStack_V1.3/backend-laravel/vendor/laravel/framework/src/Illuminate/Database/Eloquent/Concerns/GuardsAttributes.php(157): Illuminate/Database/Console/Seeds/SeedCommand->Illuminate/Database/Console/Seeds/{closure}()
#26 C:/xampp/htdocs/ScoreTime_FullStack_V1.3/backend-laravel/vendor/laravel/framework/src/Illuminate/Database/Console/Seeds/SeedCommand.php(70): Illuminate/Database/Eloquent/Model::unguarded(Object(Closure))
#27 C:/xampp/htdocs/ScoreTime_FullStack_V1.3/backend-laravel/vendor/laravel/framework/src/Illuminate/Container/BoundMethod.php(36): Illuminate/Database/Console/Seeds/SeedCommand->handle()
#28 C:/xampp/htdocs/ScoreTime_FullStack_V1.3/backend-laravel/vendor/laravel/framework/src/Illuminate/Container/Util.php(43): Illuminate/Container/BoundMethod::Illuminate/Container/{closure}()
#29 C:/xampp/htdocs/ScoreTime_FullStack_V1.3/backend-laravel/vendor/laravel/framework/src/Illuminate/Container/BoundMethod.php(96): Illuminate/Container/Util::unwrapIfClosure(Object(Closure))
#30 C:/xampp/htdocs/ScoreTime_FullStack_V1.3/backend-laravel/vendor/laravel/framework/src/Illuminate/Container/BoundMethod.php(35): Illuminate/Container/BoundMethod::callBoundMethod(Object(Illuminate/Foundation/Application), Array, Object(Closure))
#31 C:/xampp/htdocs/ScoreTime_FullStack_V1.3/backend-laravel/vendor/laravel/framework/src/Illuminate/Container/Container.php(799): Illuminate/Container/BoundMethod::call(Object(Illuminate/Foundation/Application), Array, Array, NULL)
#32 C:/xampp/htdocs/ScoreTime_FullStack_V1.3/backend-laravel/vendor/laravel/framework/src/Illuminate/Console/Command.php(211): Illuminate/Container/Container->call(Array)
#33 C:/xampp/htdocs/ScoreTime_FullStack_V1.3/backend-laravel/vendor/symfony/console/Command/Command.php(341): Illuminate/Console/Command->execute(Object(Symfony/Component/Console/Input/ArrayInput), Object(Illuminate/Console/OutputStyle))
#34 C:/xampp/htdocs/ScoreTime_FullStack_V1.3/backend-laravel/vendor/laravel/framework/src/Illuminate/Console/Command.php(180): Symfony/Component/Console/Command/Command->run(Object(Symfony/Component/Console/Input/ArrayInput), Object(Illuminate/Console/OutputStyle))
#35 C:/xampp/htdocs/ScoreTime_FullStack_V1.3/backend-laravel/vendor/laravel/framework/src/Illuminate/Console/Concerns/CallsCommands.php(68): Illuminate/Console/Command->run(Object(Symfony/Component/Console/Input/ArrayInput), Object(Illuminate/Console/OutputStyle))
#36 C:/xampp/htdocs/ScoreTime_FullStack_V1.3/backend-laravel/vendor/laravel/framework/src/Illuminate/Console/Concerns/CallsCommands.php(29): Illuminate/Console/Command->runCommand('db:seed', Array, Object(Illuminate/Console/OutputStyle))
#37 C:/xampp/htdocs/ScoreTime_FullStack_V1.3/backend-laravel/vendor/laravel/framework/src/Illuminate/Database/Console/Migrations/MigrateCommand.php(125): Illuminate/Console/Command->call('db:seed', Array)
#38 C:/xampp/htdocs/ScoreTime_FullStack_V1.3/backend-laravel/vendor/laravel/framework/src/Illuminate/Database/Migrations/Migrator.php(671): Illuminate/Database/Console/Migrations/MigrateCommand->Illuminate/Database/Console/Migrations/{closure}()
#39 C:/xampp/htdocs/ScoreTime_FullStack_V1.3/backend-laravel/vendor/laravel/framework/src/Illuminate/Database/Console/Migrations/MigrateCommand.php(109): Illuminate/Database/Migrations/Migrator->usingConnection(NULL, Object(Closure))
#40 C:/xampp/htdocs/ScoreTime_FullStack_V1.3/backend-laravel/vendor/laravel/framework/src/Illuminate/Database/Console/Migrations/MigrateCommand.php(88): Illuminate/Database/Console/Migrations/MigrateCommand->runMigrations()
#41 C:/xampp/htdocs/ScoreTime_FullStack_V1.3/backend-laravel/vendor/laravel/framework/src/Illuminate/Container/BoundMethod.php(36): Illuminate/Database/Console/Migrations/MigrateCommand->handle()
#42 C:/xampp/htdocs/ScoreTime_FullStack_V1.3/backend-laravel/vendor/laravel/framework/src/Illuminate/Container/Util.php(43): Illuminate/Container/BoundMethod::Illuminate/Container/{closure}()
#43 C:/xampp/htdocs/ScoreTime_FullStack_V1.3/backend-laravel/vendor/laravel/framework/src/Illuminate/Container/BoundMethod.php(96): Illuminate/Container/Util::unwrapIfClosure(Object(Closure))
#44 C:/xampp/htdocs/ScoreTime_FullStack_V1.3/backend-laravel/vendor/laravel/framework/src/Illuminate/Container/BoundMethod.php(35): Illuminate/Container/BoundMethod::callBoundMethod(Object(Illuminate/Foundation/Application), Array, Object(Closure))
#45 C:/xampp/htdocs/ScoreTime_FullStack_V1.3/backend-laravel/vendor/laravel/framework/src/Illuminate/Container/Container.php(799): Illuminate/Container/BoundMethod::call(Object(Illuminate/Foundation/Application), Array, Array, NULL)
#46 C:/xampp/htdocs/ScoreTime_FullStack_V1.3/backend-laravel/vendor/laravel/framework/src/Illuminate/Console/Command.php(211): Illuminate/Container/Container->call(Array)
#47 C:/xampp/htdocs/ScoreTime_FullStack_V1.3/backend-laravel/vendor/symfony/console/Command/Command.php(341): Illuminate/Console/Command->execute(Object(Symfony/Component/Console/Input/ArgvInput), Object(Illuminate/Console/OutputStyle))
#48 C:/xampp/htdocs/ScoreTime_FullStack_V1.3/backend-laravel/vendor/laravel/framework/src/Illuminate/Console/Command.php(180): Symfony/Component/Console/Command/Command->run(Object(Symfony/Component/Console/Input/ArgvInput), Object(Illuminate/Console/OutputStyle))
#49 C:/xampp/htdocs/ScoreTime_FullStack_V1.3/backend-laravel/vendor/symfony/console/Application.php(1117): Illuminate/Console/Command->run(Object(Symfony/Component/Console/Input/ArgvInput), Object(Symfony/Component/Console/Output/ConsoleOutput))
#50 C:/xampp/htdocs/ScoreTime_FullStack_V1.3/backend-laravel/vendor/symfony/console/Application.php(356): Symfony/Component/Console/Application->doRunCommand(Object(Illuminate/Database/Console/Migrations/MigrateCommand), Object(Symfony/Component/Console/Input/ArgvInput), Object(Symfony/Component/Console/Output/ConsoleOutput))
#51 C:/xampp/htdocs/ScoreTime_FullStack_V1.3/backend-laravel/vendor/symfony/console/Application.php(195): Symfony/Component/Console/Application->doRun(Object(Symfony/Component/Console/Input/ArgvInput), Object(Symfony/Component/Console/Output/ConsoleOutput))
#52 C:/xampp/htdocs/ScoreTime_FullStack_V1.3/backend-laravel/vendor/laravel/framework/src/Illuminate/Foundation/Console/Kernel.php(198): Symfony/Component/Console/Application->run(Object(Symfony/Component/Console/Input/ArgvInput), Object(Symfony/Component/Console/Output/ConsoleOutput))
#53 C:/xampp/htdocs/ScoreTime_FullStack_V1.3/backend-laravel/vendor/laravel/framework/src/Illuminate/Foundation/Application.php(1235): Illuminate/Foundation/Console/Kernel->handle(Object(Symfony/Component/Console/Input/ArgvInput), Object(Symfony/Component/Console/Output/ConsoleOutput))
#54 C:/xampp/htdocs/ScoreTime_FullStack_V1.3/backend-laravel/artisan(5): Illuminate/Foundation/Application->handleCommand(Object(Symfony/Component/Console/Input/ArgvInput))
#55 {main}
"} 
[2026-08-19 08:33:13] local.ERROR: SQLSTATE[42S02]: Base table or view not found: 1146 Table 'football_global.sessions' doesn't exist (Connection: mysql, Host: 127.0.0.1, Port: 3306, Database: football_global, SQL: select * from `sessions` where `id` = Ttwf1iJouVPvp9lAg3BpLIORoieaObFARn0ShUFj limit 1) {"exception":"[object] (Illuminate\\Database\\QueryException(code: 42S02): SQLSTATE[42S02]: Base table or view not found: 1146 Table 'football_global.sessions' doesn't exist (Connection: mysql, Host: 127.0.0.1, Port: 3306, Database: football_global, SQL: select * from `sessions` where `id` = Ttwf1iJouVPvp9lAg3BpLIORoieaObFARn0ShUFj limit 1) at C:/xampp/htdocs/ScoreTime_FullStack_V1.3/backend-laravel/vendor/laravel/framework/src/Illuminate/Database/Connection.php:838)
[stacktrace]
#0 C:/xampp/htdocs/ScoreTime_FullStack_V1.3/backend-laravel/vendor/laravel/framework/src/Illuminate/Database/Connection.php(794): Illuminate/Database/Connection->runQueryCallback('select * from `...', Array, Object(Closure))
#1 C:/xampp/htdocs/ScoreTime_FullStack_V1.3/backend-laravel/vendor/laravel/framework/src/Illuminate/Database/Connection.php(411): Illuminate/Database/Connection->run('select * from `...', Array, Object(Closure))
#2 C:/xampp/htdocs/ScoreTime_FullStack_V1.3/backend-laravel/vendor/laravel/framework/src/Illuminate/Database/Query/Builder.php(3505): Illuminate/Database/Connection->select('select * from `...', Array, false)
#3 C:/xampp/htdocs/ScoreTime_FullStack_V1.3/backend-laravel/vendor/laravel/framework/src/Illuminate/Database/Query/Builder.php(3490): Illuminate/Database/Query/Builder->runSelect()
#4 C:/xampp/htdocs/ScoreTime_FullStack_V1.3/backend-laravel/vendor/laravel/framework/src/Illuminate/Database/Query/Builder.php(4080): Illuminate/Database/Query/Builder->Illuminate/Database/Query/{closure}()
#5 C:/xampp/htdocs/ScoreTime_FullStack_V1.3/backend-laravel/vendor/laravel/framework/src/Illuminate/Database/Query/Builder.php(3489): Illuminate/Database/Query/Builder->onceWithColumns(Array, Object(Closure))
#6 C:/xampp/htdocs/ScoreTime_FullStack_V1.3/backend-laravel/vendor/laravel/framework/src/Illuminate/Database/Concerns/BuildsQueries.php(366): Illuminate/Database/Query/Builder->get(Array)
#7 C:/xampp/htdocs/ScoreTime_FullStack_V1.3/backend-laravel/vendor/laravel/framework/src/Illuminate/Database/Query/Builder.php(3412): Illuminate/Database/Query/Builder->first(Array)
#8 C:/xampp/htdocs/ScoreTime_FullStack_V1.3/backend-laravel/vendor/laravel/framework/src/Illuminate/Session/DatabaseSessionHandler.php(96): Illuminate/Database/Query/Builder->find('Ttwf1iJouVPvp9l...')
#9 C:/xampp/htdocs/ScoreTime_FullStack_V1.3/backend-laravel/vendor/laravel/framework/src/Illuminate/Session/Store.php(128): Illuminate/Session/DatabaseSessionHandler->read('Ttwf1iJouVPvp9l...')
#10 C:/xampp/htdocs/ScoreTime_FullStack_V1.3/backend-laravel/vendor/laravel/framework/src/Illuminate/Session/Store.php(116): Illuminate/Session/Store->readFromHandler()
#11 C:/xampp/htdocs/ScoreTime_FullStack_V1.3/backend-laravel/vendor/laravel/framework/src/Illuminate/Session/Store.php(100): Illuminate/Session/Store->loadSession()
#12 C:/xampp/htdocs/ScoreTime_FullStack_V1.3/backend-laravel/vendor/laravel/framework/src/Illuminate/Session/Middleware/StartSession.php(146): Illuminate/Session/Store->start()
#13 C:/xampp/htdocs/ScoreTime_FullStack_V1.3/backend-laravel/vendor/laravel/framework/src/Illuminate/Support/helpers.php(393): Illuminate/Session/Middleware/StartSession->Illuminate/Session/Middleware/{closure}(Object(Illuminate/Session/Store))
#14 C:/xampp/htdocs/ScoreTime_FullStack_V1.3/backend-laravel/vendor/laravel/framework/src/Illuminate/Session/Middleware/StartSession.php(143): tap(Object(Illuminate/Session/Store), Object(Closure))
#15 C:/xampp/htdocs/ScoreTime_FullStack_V1.3/backend-laravel/vendor/laravel/framework/src/Illuminate/Session/Middleware/StartSession.php(115): Illuminate/Session/Middleware/StartSession->startSession(Object(Illuminate/Http/Request), Object(Illuminate/Session/Store))
#16 C:/xampp/htdocs/ScoreTime_FullStack_V1.3/backend-laravel/vendor/laravel/framework/src/Illuminate/Session/Middleware/StartSession.php(63): Illuminate/Session/Middleware/StartSession->handleStatefulRequest(Object(Illuminate/Http/Request), Object(Illuminate/Session/Store), Object(Closure))
#17 C:/xampp/htdocs/ScoreTime_FullStack_V1.3/backend-laravel/vendor/laravel/framework/src/Illuminate/Pipeline/Pipeline.php(219): Illuminate/Session/Middleware/StartSession->handle(Object(Illuminate/Http/Request), Object(Closure))
#18 C:/xampp/htdocs/ScoreTime_FullStack_V1.3/backend-laravel/vendor/laravel/framework/src/Illuminate/Cookie/Middleware/AddQueuedCookiesToResponse.php(36): Illuminate/Pipeline/Pipeline->Illuminate/Pipeline/{closure}(Object(Illuminate/Http/Request))
#19 C:/xampp/htdocs/ScoreTime_FullStack_V1.3/backend-laravel/vendor/laravel/framework/src/Illuminate/Pipeline/Pipeline.php(219): Illuminate/Cookie/Middleware/AddQueuedCookiesToResponse->handle(Object(Illuminate/Http/Request), Object(Closure))
#20 C:/xampp/htdocs/ScoreTime_FullStack_V1.3/backend-laravel/vendor/laravel/framework/src/Illuminate/Cookie/Middleware/EncryptCookies.php(74): Illuminate/Pipeline/Pipeline->Illuminate/Pipeline/{closure}(Object(Illuminate/Http/Request))
#21 C:/xampp/htdocs/ScoreTime_FullStack_V1.3/backend-laravel/vendor/laravel/framework/src/Illuminate/Pipeline/Pipeline.php(219): Illuminate/Cookie/Middleware/EncryptCookies->handle(Object(Illuminate/Http/Request), Object(Closure))
#22 C:/xampp/htdocs/ScoreTime_FullStack_V1.3/backend-laravel/vendor/laravel/framework/src/Illuminate/Pipeline/Pipeline.php(137): Illuminate/Pipeline/Pipeline->Illuminate/Pipeline/{closure}(Object(Illuminate/Http/Request))
#23 C:/xampp/htdocs/ScoreTime_FullStack_V1.3/backend-laravel/vendor/laravel/framework/src/Illuminate/Routing/Router.php(821): Illuminate/Pipeline/Pipeline->then(Object(Closure))
#24 C:/xampp/htdocs/ScoreTime_FullStack_V1.3/backend-laravel/vendor/laravel/framework/src/Illuminate/Routing/Router.php(800): Illuminate/Routing/Router->runRouteWithinStack(Object(Illuminate/Routing/Route), Object(Illuminate/Http/Request))
#25 C:/xampp/htdocs/ScoreTime_FullStack_V1.3/backend-laravel/vendor/laravel/framework/src/Illuminate/Routing/Router.php(764): Illuminate/Routing/Router->runRoute(Object(Illuminate/Http/Request), Object(Illuminate/Routing/Route))
#26 C:/xampp/htdocs/ScoreTime_FullStack_V1.3/backend-laravel/vendor/laravel/framework/src/Illuminate/Routing/Router.php(753): Illuminate/Routing/Router->dispatchToRoute(Object(Illuminate/Http/Request))
#27 C:/xampp/htdocs/ScoreTime_FullStack_V1.3/backend-laravel/vendor/laravel/framework/src/Illuminate/Foundation/Http/Kernel.php(200): Illuminate/Routing/Router->dispatch(Object(Illuminate/Http/Request))
#28 C:/xampp/htdocs/ScoreTime_FullStack_V1.3/backend-laravel/vendor/laravel/framework/src/Illuminate/Pipeline/Pipeline.php(180): Illuminate/Foundation/Http/Kernel->Illuminate/Foundation/Http/{closure}(Object(Illuminate/Http/Request))
#29 C:/xampp/htdocs/ScoreTime_FullStack_V1.3/backend-laravel/vendor/laravel/framework/src/Illuminate/Foundation/Http/Middleware/TransformsRequest.php(21): Illuminate/Pipeline/Pipeline->Illuminate/Pipeline/{closure}(Object(Illuminate/Http/Request))
#30 C:/xampp/htdocs/ScoreTime_FullStack_V1.3/backend-laravel/vendor/laravel/framework/src/Illuminate/Foundation/Http/Middleware/ConvertEmptyStringsToNull.php(31): Illuminate/Foundation/Http/Middleware/TransformsRequest->handle(Object(Illuminate/Http/Request), Object(Closure))
#31 C:/xampp/htdocs/ScoreTime_FullStack_V1.3/backend-laravel/vendor/laravel/framework/src/Illuminate/Pipeline/Pipeline.php(219): Illuminate/Foundation/Http/Middleware/ConvertEmptyStringsToNull->handle(Object(Illuminate/Http/Request), Object(Closure))
#32 C:/xampp/htdocs/ScoreTime_FullStack_V1.3/backend-laravel/vendor/laravel/framework/src/Illuminate/Foundation/Http/Middleware/TransformsRequest.php(21): Illuminate/Pipeline/Pipeline->Illuminate/Pipeline/{closure}(Object(Illuminate/Http/Request))
#33 C:/xampp/htdocs/ScoreTime_FullStack_V1.3/backend-laravel/vendor/laravel/framework/src/Illuminate/Foundation/Http/Middleware/TrimStrings.php(51): Illuminate/Foundation/Http/Middleware/TransformsRequest->handle(Object(Illuminate/Http/Request), Object(Closure))
#34 C:/xampp/htdocs/ScoreTime_FullStack_V1.3/backend-laravel/vendor/laravel/framework/src/Illuminate/Pipeline/Pipeline.php(219): Illuminate/Foundation/Http/Middleware/TrimStrings->handle(Object(Illuminate/Http/Request), Object(Closure))
#35 C:/xampp/htdocs/ScoreTime_FullStack_V1.3/backend-laravel/vendor/laravel/framework/src/Illuminate/Http/Middleware/ValidatePostSize.php(27): Illuminate/Pipeline/Pipeline->Illuminate/Pipeline/{closure}(Object(Illuminate/Http/Request))
#36 C:/xampp/htdocs/ScoreTime_FullStack_V1.3/backend-laravel/vendor/laravel/framework/src/Illuminate/Pipeline/Pipeline.php(219): Illuminate/Http/Middleware/ValidatePostSize->handle(Object(Illuminate/Http/Request), Object(Closure))
#37 C:/xampp/htdocs/ScoreTime_FullStack_V1.3/backend-laravel/vendor/laravel/framework/src/Illuminate/Foundation/Http/Middleware/PreventRequestsDuringMaintenance.php(109): Illuminate/Pipeline/Pipeline->Illuminate/Pipeline/{closure}(Object(Illuminate/Http/Request))
#38 C:/xampp/htdocs/ScoreTime_FullStack_V1.3/backend-laravel/vendor/laravel/framework/src/Illuminate/Pipeline/Pipeline.php(219): Illuminate/Foundation/Http/Middleware/PreventRequestsDuringMaintenance->handle(Object(Illuminate/Http/Request), Object(Closure))
#39 C:/xampp/htdocs/ScoreTime_FullStack_V1.3/backend-laravel/vendor/laravel/framework/src/Illuminate/Http/Middleware/HandleCors.php(61): Illuminate/Pipeline/Pipeline->Illuminate/Pipeline/{closure}(Object(Illuminate/Http/Request))
#40 C:/xampp/htdocs/ScoreTime_FullStack_V1.3/backend-laravel/vendor/laravel/framework/src/Illuminate/Pipeline/Pipeline.php(219): Illuminate/Http/Middleware/HandleCors->handle(Object(Illuminate/Http/Request), Object(Closure))
#41 C:/xampp/htdocs/ScoreTime_FullStack_V1.3/backend-laravel/vendor/laravel/framework/src/Illuminate/Http/Middleware/TrustProxies.php(58): Illuminate/Pipeline/Pipeline->Illuminate/Pipeline/{closure}(Object(Illuminate/Http/Request))
#42 C:/xampp/htdocs/ScoreTime_FullStack_V1.3/backend-laravel/vendor/laravel/framework/src/Illuminate/Pipeline/Pipeline.php(219): Illuminate/Http/Middleware/TrustProxies->handle(Object(Illuminate/Http/Request), Object(Closure))
#43 C:/xampp/htdocs/ScoreTime_FullStack_V1.3/backend-laravel/vendor/laravel/framework/src/Illuminate/Foundation/Http/Middleware/InvokeDeferredCallbacks.php(22): Illuminate/Pipeline/Pipeline->Illuminate/Pipeline/{closure}(Object(Illuminate/Http/Request))
#44 C:/xampp/htdocs/ScoreTime_FullStack_V1.3/backend-laravel/vendor/laravel/framework/src/Illuminate/Pipeline/Pipeline.php(219): Illuminate/Foundation/Http/Middleware/InvokeDeferredCallbacks->handle(Object(Illuminate/Http/Request), Object(Closure))
#45 C:/xampp/htdocs/ScoreTime_FullStack_V1.3/backend-laravel/vendor/laravel/framework/src/Illuminate/Http/Middleware/ValidatePathEncoding.php(26): Illuminate/Pipeline/Pipeline->Illuminate/Pipeline/{closure}(Object(Illuminate/Http/Request))
#46 C:/xampp/htdocs/ScoreTime_FullStack_V1.3/backend-laravel/vendor/laravel/framework/src/Illuminate/Pipeline/Pipeline.php(219): Illuminate/Http/Middleware/ValidatePathEncoding->handle(Object(Illuminate/Http/Request), Object(Closure))
#47 C:/xampp/htdocs/ScoreTime_FullStack_V1.3/backend-laravel/vendor/laravel/framework/src/Illuminate/Pipeline/Pipeline.php(137): Illuminate/Pipeline/Pipeline->Illuminate/Pipeline/{closure}(Object(Illuminate/Http/Request))
#48 C:/xampp/htdocs/ScoreTime_FullStack_V1.3/backend-laravel/vendor/laravel/framework/src/Illuminate/Foundation/Http/Kernel.php(175): Illuminate/Pipeline/Pipeline->then(Object(Closure))
#49 C:/xampp/htdocs/ScoreTime_FullStack_V1.3/backend-laravel/vendor/laravel/framework/src/Illuminate/Foundation/Http/Kernel.php(144): Illuminate/Foundation/Http/Kernel->sendRequestThroughRouter(Object(Illuminate/Http/Request))
#50 C:/xampp/htdocs/ScoreTime_FullStack_V1.3/backend-laravel/vendor/laravel/framework/src/Illuminate/Foundation/Application.php(1220): Illuminate/Foundation/Http/Kernel->handle(Object(Illuminate/Http/Request))
#51 C:/xampp/htdocs/ScoreTime_FullStack_V1.3/backend-laravel/public/index.php(17): Illuminate/Foundation/Application->handleRequest(Object(Illuminate/Http/Request))
#52 C:/xampp/htdocs/ScoreTime_FullStack_V1.3/backend-laravel/vendor/laravel/framework/src/Illuminate/Foundation/resources/server.php(23): require_once('C://xampp//htdocs...')
#53 {main}

[previous exception] [object] (PDOException(code: 42S02): SQLSTATE[42S02]: Base table or view not found: 1146 Table 'football_global.sessions' doesn't exist at C:/xampp/htdocs/ScoreTime_FullStack_V1.3/backend-laravel/vendor/laravel/framework/src/Illuminate/Database/Connection.php:420)
[stacktrace]
#0 C:/xampp/htdocs/ScoreTime_FullStack_V1.3/backend-laravel/vendor/laravel/framework/src/Illuminate/Database/Connection.php(420): PDO->prepare('select * from `...')
#1 C:/xampp/htdocs/ScoreTime_FullStack_V1.3/backend-laravel/vendor/laravel/framework/src/Illuminate/Database/Connection.php(827): Illuminate/Database/Connection->Illuminate/Database/{closure}('select * from `...', Array)
#2 C:/xampp/htdocs/ScoreTime_FullStack_V1.3/backend-laravel/vendor/laravel/framework/src/Illuminate/Database/Connection.php(794): Illuminate/Database/Connection->runQueryCallback('select * from `...', Array, Object(Closure))
#3 C:/xampp/htdocs/ScoreTime_FullStack_V1.3/backend-laravel/vendor/laravel/framework/src/Illuminate/Database/Connection.php(411): Illuminate/Database/Connection->run('select * from `...', Array, Object(Closure))
#4 C:/xampp/htdocs/ScoreTime_FullStack_V1.3/backend-laravel/vendor/laravel/framework/src/Illuminate/Database/Query/Builder.php(3505): Illuminate/Database/Connection->select('select * from `...', Array, false)
#5 C:/xampp/htdocs/ScoreTime_FullStack_V1.3/backend-laravel/vendor/laravel/framework/src/Illuminate/Database/Query/Builder.php(3490): Illuminate/Database/Query/Builder->runSelect()
#6 C:/xampp/htdocs/ScoreTime_FullStack_V1.3/backend-laravel/vendor/laravel/framework/src/Illuminate/Database/Query/Builder.php(4080): Illuminate/Database/Query/Builder->Illuminate/Database/Query/{closure}()
#7 C:/xampp/htdocs/ScoreTime_FullStack_V1.3/backend-laravel/vendor/laravel/framework/src/Illuminate/Database/Query/Builder.php(3489): Illuminate/Database/Query/Builder->onceWithColumns(Array, Object(Closure))
#8 C:/xampp/htdocs/ScoreTime_FullStack_V1.3/backend-laravel/vendor/laravel/framework/src/Illuminate/Database/Concerns/BuildsQueries.php(366): Illuminate/Database/Query/Builder->get(Array)
#9 C:/xampp/htdocs/ScoreTime_FullStack_V1.3/backend-laravel/vendor/laravel/framework/src/Illuminate/Database/Query/Builder.php(3412): Illuminate/Database/Query/Builder->first(Array)
#10 C:/xampp/htdocs/ScoreTime_FullStack_V1.3/backend-laravel/vendor/laravel/framework/src/Illuminate/Session/DatabaseSessionHandler.php(96): Illuminate/Database/Query/Builder->find('Ttwf1iJouVPvp9l...')
#11 C:/xampp/htdocs/ScoreTime_FullStack_V1.3/backend-laravel/vendor/laravel/framework/src/Illuminate/Session/Store.php(128): Illuminate/Session/DatabaseSessionHandler->read('Ttwf1iJouVPvp9l...')
#12 C:/xampp/htdocs/ScoreTime_FullStack_V1.3/backend-laravel/vendor/laravel/framework/src/Illuminate/Session/Store.php(116): Illuminate/Session/Store->readFromHandler()
#13 C:/xampp/htdocs/ScoreTime_FullStack_V1.3/backend-laravel/vendor/laravel/framework/src/Illuminate/Session/Store.php(100): Illuminate/Session/Store->loadSession()
#14 C:/xampp/htdocs/ScoreTime_FullStack_V1.3/backend-laravel/vendor/laravel/framework/src/Illuminate/Session/Middleware/StartSession.php(146): Illuminate/Session/Store->start()
#15 C:/xampp/htdocs/ScoreTime_FullStack_V1.3/backend-laravel/vendor/laravel/framework/src/Illuminate/Support/helpers.php(393): Illuminate/Session/Middleware/StartSession->Illuminate/Session/Middleware/{closure}(Object(Illuminate/Session/Store))
#16 C:/xampp/htdocs/ScoreTime_FullStack_V1.3/backend-laravel/vendor/laravel/framework/src/Illuminate/Session/Middleware/StartSession.php(143): tap(Object(Illuminate/Session/Store), Object(Closure))
#17 C:/xampp/htdocs/ScoreTime_FullStack_V1.3/backend-laravel/vendor/laravel/framework/src/Illuminate/Session/Middleware/StartSession.php(115): Illuminate/Session/Middleware/StartSession->startSession(Object(Illuminate/Http/Request), Object(Illuminate/Session/Store))
#18 C:/xampp/htdocs/ScoreTime_FullStack_V1.3/backend-laravel/vendor/laravel/framework/src/Illuminate/Session/Middleware/StartSession.php(63): Illuminate/Session/Middleware/StartSession->handleStatefulRequest(Object(Illuminate/Http/Request), Object(Illuminate/Session/Store), Object(Closure))
#19 C:/xampp/htdocs/ScoreTime_FullStack_V1.3/backend-laravel/vendor/laravel/framework/src/Illuminate/Pipeline/Pipeline.php(219): Illuminate/Session/Middleware/StartSession->handle(Object(Illuminate/Http/Request), Object(Closure))
#20 C:/xampp/htdocs/ScoreTime_FullStack_V1.3/backend-laravel/vendor/laravel/framework/src/Illuminate/Cookie/Middleware/AddQueuedCookiesToResponse.php(36): Illuminate/Pipeline/Pipeline->Illuminate/Pipeline/{closure}(Object(Illuminate/Http/Request))
#21 C:/xampp/htdocs/ScoreTime_FullStack_V1.3/backend-laravel/vendor/laravel/framework/src/Illuminate/Pipeline/Pipeline.php(219): Illuminate/Cookie/Middleware/AddQueuedCookiesToResponse->handle(Object(Illuminate/Http/Request), Object(Closure))
#22 C:/xampp/htdocs/ScoreTime_FullStack_V1.3/backend-laravel/vendor/laravel/framework/src/Illuminate/Cookie/Middleware/EncryptCookies.php(74): Illuminate/Pipeline/Pipeline->Illuminate/Pipeline/{closure}(Object(Illuminate/Http/Request))
#23 C:/xampp/htdocs/ScoreTime_FullStack_V1.3/backend-laravel/vendor/laravel/framework/src/Illuminate/Pipeline/Pipeline.php(219): Illuminate/Cookie/Middleware/EncryptCookies->handle(Object(Illuminate/Http/Request), Object(Closure))
#24 C:/xampp/htdocs/ScoreTime_FullStack_V1.3/backend-laravel/vendor/laravel/framework/src/Illuminate/Pipeline/Pipeline.php(137): Illuminate/Pipeline/Pipeline->Illuminate/Pipeline/{closure}(Object(Illuminate/Http/Request))
#25 C:/xampp/htdocs/ScoreTime_FullStack_V1.3/backend-laravel/vendor/laravel/framework/src/Illuminate/Routing/Router.php(821): Illuminate/Pipeline/Pipeline->then(Object(Closure))
#26 C:/xampp/htdocs/ScoreTime_FullStack_V1.3/backend-laravel/vendor/laravel/framework/src/Illuminate/Routing/Router.php(800): Illuminate/Routing/Router->runRouteWithinStack(Object(Illuminate/Routing/Route), Object(Illuminate/Http/Request))
#27 C:/xampp/htdocs/ScoreTime_FullStack_V1.3/backend-laravel/vendor/laravel/framework/src/Illuminate/Routing/Router.php(764): Illuminate/Routing/Router->runRoute(Object(Illuminate/Http/Request), Object(Illuminate/Routing/Route))
#28 C:/xampp/htdocs/ScoreTime_FullStack_V1.3/backend-laravel/vendor/laravel/framework/src/Illuminate/Routing/Router.php(753): Illuminate/Routing/Router->dispatchToRoute(Object(Illuminate/Http/Request))
#29 C:/xampp/htdocs/ScoreTime_FullStack_V1.3/backend-laravel/vendor/laravel/framework/src/Illuminate/Foundation/Http/Kernel.php(200): Illuminate/Routing/Router->dispatch(Object(Illuminate/Http/Request))
#30 C:/xampp/htdocs/ScoreTime_FullStack_V1.3/backend-laravel/vendor/laravel/framework/src/Illuminate/Pipeline/Pipeline.php(180): Illuminate/Foundation/Http/Kernel->Illuminate/Foundation/Http/{closure}(Object(Illuminate/Http/Request))
#31 C:/xampp/htdocs/ScoreTime_FullStack_V1.3/backend-laravel/vendor/laravel/framework/src/Illuminate/Foundation/Http/Middleware/TransformsRequest.php(21): Illuminate/Pipeline/Pipeline->Illuminate/Pipeline/{closure}(Object(Illuminate/Http/Request))
#32 C:/xampp/htdocs/ScoreTime_FullStack_V1.3/backend-laravel/vendor/laravel/framework/src/Illuminate/Foundation/Http/Middleware/ConvertEmptyStringsToNull.php(31): Illuminate/Foundation/Http/Middleware/TransformsRequest->handle(Object(Illuminate/Http/Request), Object(Closure))
#33 C:/xampp/htdocs/ScoreTime_FullStack_V1.3/backend-laravel/vendor/laravel/framework/src/Illuminate/Pipeline/Pipeline.php(219): Illuminate/Foundation/Http/Middleware/ConvertEmptyStringsToNull->handle(Object(Illuminate/Http/Request), Object(Closure))
#34 C:/xampp/htdocs/ScoreTime_FullStack_V1.3/backend-laravel/vendor/laravel/framework/src/Illuminate/Foundation/Http/Middleware/TransformsRequest.php(21): Illuminate/Pipeline/Pipeline->Illuminate/Pipeline/{closure}(Object(Illuminate/Http/Request))
#35 C:/xampp/htdocs/ScoreTime_FullStack_V1.3/backend-laravel/vendor/laravel/framework/src/Illuminate/Foundation/Http/Middleware/TrimStrings.php(51): Illuminate/Foundation/Http/Middleware/TransformsRequest->handle(Object(Illuminate/Http/Request), Object(Closure))
#36 C:/xampp/htdocs/ScoreTime_FullStack_V1.3/backend-laravel/vendor/laravel/framework/src/Illuminate/Pipeline/Pipeline.php(219): Illuminate/Foundation/Http/Middleware/TrimStrings->handle(Object(Illuminate/Http/Request), Object(Closure))
#37 C:/xampp/htdocs/ScoreTime_FullStack_V1.3/backend-laravel/vendor/laravel/framework/src/Illuminate/Http/Middleware/ValidatePostSize.php(27): Illuminate/Pipeline/Pipeline->Illuminate/Pipeline/{closure}(Object(Illuminate/Http/Request))
#38 C:/xampp/htdocs/ScoreTime_FullStack_V1.3/backend-laravel/vendor/laravel/framework/src/Illuminate/Pipeline/Pipeline.php(219): Illuminate/Http/Middleware/ValidatePostSize->handle(Object(Illuminate/Http/Request), Object(Closure))
#39 C:/xampp/htdocs/ScoreTime_FullStack_V1.3/backend-laravel/vendor/laravel/framework/src/Illuminate/Foundation/Http/Middleware/PreventRequestsDuringMaintenance.php(109): Illuminate/Pipeline/Pipeline->Illuminate/Pipeline/{closure}(Object(Illuminate/Http/Request))
#40 C:/xampp/htdocs/ScoreTime_FullStack_V1.3/backend-laravel/vendor/laravel/framework/src/Illuminate/Pipeline/Pipeline.php(219): Illuminate/Foundation/Http/Middleware/PreventRequestsDuringMaintenance->handle(Object(Illuminate/Http/Request), Object(Closure))
#41 C:/xampp/htdocs/ScoreTime_FullStack_V1.3/backend-laravel/vendor/laravel/framework/src/Illuminate/Http/Middleware/HandleCors.php(61): Illuminate/Pipeline/Pipeline->Illuminate/Pipeline/{closure}(Object(Illuminate/Http/Request))
#42 C:/xampp/htdocs/ScoreTime_FullStack_V1.3/backend-laravel/vendor/laravel/framework/src/Illuminate/Pipeline/Pipeline.php(219): Illuminate/Http/Middleware/HandleCors->handle(Object(Illuminate/Http/Request), Object(Closure))
#43 C:/xampp/htdocs/ScoreTime_FullStack_V1.3/backend-laravel/vendor/laravel/framework/src/Illuminate/Http/Middleware/TrustProxies.php(58): Illuminate/Pipeline/Pipeline->Illuminate/Pipeline/{closure}(Object(Illuminate/Http/Request))
#44 C:/xampp/htdocs/ScoreTime_FullStack_V1.3/backend-laravel/vendor/laravel/framework/src/Illuminate/Pipeline/Pipeline.php(219): Illuminate/Http/Middleware/TrustProxies->handle(Object(Illuminate/Http/Request), Object(Closure))
#45 C:/xampp/htdocs/ScoreTime_FullStack_V1.3/backend-laravel/vendor/laravel/framework/src/Illuminate/Foundation/Http/Middleware/InvokeDeferredCallbacks.php(22): Illuminate/Pipeline/Pipeline->Illuminate/Pipeline/{closure}(Object(Illuminate/Http/Request))
#46 C:/xampp/htdocs/ScoreTime_FullStack_V1.3/backend-laravel/vendor/laravel/framework/src/Illuminate/Pipeline/Pipeline.php(219): Illuminate/Foundation/Http/Middleware/InvokeDeferredCallbacks->handle(Object(Illuminate/Http/Request), Object(Closure))
#47 C:/xampp/htdocs/ScoreTime_FullStack_V1.3/backend-laravel/vendor/laravel/framework/src/Illuminate/Http/Middleware/ValidatePathEncoding.php(26): Illuminate/Pipeline/Pipeline->Illuminate/Pipeline/{closure}(Object(Illuminate/Http/Request))
#48 C:/xampp/htdocs/ScoreTime_FullStack_V1.3/backend-laravel/vendor/laravel/framework/src/Illuminate/Pipeline/Pipeline.php(219): Illuminate/Http/Middleware/ValidatePathEncoding->handle(Object(Illuminate/Http/Request), Object(Closure))
#49 C:/xampp/htdocs/ScoreTime_FullStack_V1.3/backend-laravel/vendor/laravel/framework/src/Illuminate/Pipeline/Pipeline.php(137): Illuminate/Pipeline/Pipeline->Illuminate/Pipeline/{closure}(Object(Illuminate/Http/Request))
#50 C:/xampp/htdocs/ScoreTime_FullStack_V1.3/backend-laravel/vendor/laravel/framework/src/Illuminate/Foundation/Http/Kernel.php(175): Illuminate/Pipeline/Pipeline->then(Object(Closure))
#51 C:/xampp/htdocs/ScoreTime_FullStack_V1.3/backend-laravel/vendor/laravel/framework/src/Illuminate/Foundation/Http/Kernel.php(144): Illuminate/Foundation/Http/Kernel->sendRequestThroughRouter(Object(Illuminate/Http/Request))
#52 C:/xampp/htdocs/ScoreTime_FullStack_V1.3/backend-laravel/vendor/laravel/framework/src/Illuminate/Foundation/Application.php(1220): Illuminate/Foundation/Http/Kernel->handle(Object(Illuminate/Http/Request))
#53 C:/xampp/htdocs/ScoreTime_FullStack_V1.3/backend-laravel/public/index.php(17): Illuminate/Foundation/Application->handleRequest(Object(Illuminate/Http/Request))
#54 C:/xampp/htdocs/ScoreTime_FullStack_V1.3/backend-laravel/vendor/laravel/framework/src/Illuminate/Foundation/resources/server.php(23): require_once('C://xampp//htdocs...')
#55 {main}
"} 
[2026-08-19 08:35:21] local.ERROR: SQLSTATE[42S02]: Base table or view not found: 1146 Table 'football_global.sessions' doesn't exist (Connection: mysql, Host: 127.0.0.1, Port: 3306, Database: football_global, SQL: select * from `sessions` where `id` = hKN1JJdaI923QpnapptpmGmohMGCmMB0EYskgOob limit 1) {"exception":"[object] (Illuminate\\Database\\QueryException(code: 42S02): SQLSTATE[42S02]: Base table or view not found: 1146 Table 'football_global.sessions' doesn't exist (Connection: mysql, Host: 127.0.0.1, Port: 3306, Database: football_global, SQL: select * from `sessions` where `id` = hKN1JJdaI923QpnapptpmGmohMGCmMB0EYskgOob limit 1) at C:/xampp/htdocs/ScoreTime_FullStack_V1.3/backend-laravel/vendor/laravel/framework/src/Illuminate/Database/Connection.php:838)
[stacktrace]
#0 C:/xampp/htdocs/ScoreTime_FullStack_V1.3/backend-laravel/vendor/laravel/framework/src/Illuminate/Database/Connection.php(794): Illuminate/Database/Connection->runQueryCallback('select * from `...', Array, Object(Closure))
#1 C:/xampp/htdocs/ScoreTime_FullStack_V1.3/backend-laravel/vendor/laravel/framework/src/Illuminate/Database/Connection.php(411): Illuminate/Database/Connection->run('select * from `...', Array, Object(Closure))
#2 C:/xampp/htdocs/ScoreTime_FullStack_V1.3/backend-laravel/vendor/laravel/framework/src/Illuminate/Database/Query/Builder.php(3505): Illuminate/Database/Connection->select('select * from `...', Array, false)
#3 C:/xampp/htdocs/ScoreTime_FullStack_V1.3/backend-laravel/vendor/laravel/framework/src/Illuminate/Database/Query/Builder.php(3490): Illuminate/Database/Query/Builder->runSelect()
#4 C:/xampp/htdocs/ScoreTime_FullStack_V1.3/backend-laravel/vendor/laravel/framework/src/Illuminate/Database/Query/Builder.php(4080): Illuminate/Database/Query/Builder->Illuminate/Database/Query/{closure}()
#5 C:/xampp/htdocs/ScoreTime_FullStack_V1.3/backend-laravel/vendor/laravel/framework/src/Illuminate/Database/Query/Builder.php(3489): Illuminate/Database/Query/Builder->onceWithColumns(Array, Object(Closure))
#6 C:/xampp/htdocs/ScoreTime_FullStack_V1.3/backend-laravel/vendor/laravel/framework/src/Illuminate/Database/Concerns/BuildsQueries.php(366): Illuminate/Database/Query/Builder->get(Array)
#7 C:/xampp/htdocs/ScoreTime_FullStack_V1.3/backend-laravel/vendor/laravel/framework/src/Illuminate/Database/Query/Builder.php(3412): Illuminate/Database/Query/Builder->first(Array)
#8 C:/xampp/htdocs/ScoreTime_FullStack_V1.3/backend-laravel/vendor/laravel/framework/src/Illuminate/Session/DatabaseSessionHandler.php(96): Illuminate/Database/Query/Builder->find('hKN1JJdaI923Qpn...')
#9 C:/xampp/htdocs/ScoreTime_FullStack_V1.3/backend-laravel/vendor/laravel/framework/src/Illuminate/Session/Store.php(128): Illuminate/Session/DatabaseSessionHandler->read('hKN1JJdaI923Qpn...')
#10 C:/xampp/htdocs/ScoreTime_FullStack_V1.3/backend-laravel/vendor/laravel/framework/src/Illuminate/Session/Store.php(116): Illuminate/Session/Store->readFromHandler()
#11 C:/xampp/htdocs/ScoreTime_FullStack_V1.3/backend-laravel/vendor/laravel/framework/src/Illuminate/Session/Store.php(100): Illuminate/Session/Store->loadSession()
#12 C:/xampp/htdocs/ScoreTime_FullStack_V1.3/backend-laravel/vendor/laravel/framework/src/Illuminate/Session/Middleware/StartSession.php(146): Illuminate/Session/Store->start()
#13 C:/xampp/htdocs/ScoreTime_FullStack_V1.3/backend-laravel/vendor/laravel/framework/src/Illuminate/Support/helpers.php(393): Illuminate/Session/Middleware/StartSession->Illuminate/Session/Middleware/{closure}(Object(Illuminate/Session/Store))
#14 C:/xampp/htdocs/ScoreTime_FullStack_V1.3/backend-laravel/vendor/laravel/framework/src/Illuminate/Session/Middleware/StartSession.php(143): tap(Object(Illuminate/Session/Store), Object(Closure))
#15 C:/xampp/htdocs/ScoreTime_FullStack_V1.3/backend-laravel/vendor/laravel/framework/src/Illuminate/Session/Middleware/StartSession.php(115): Illuminate/Session/Middleware/StartSession->startSession(Object(Illuminate/Http/Request), Object(Illuminate/Session/Store))
#16 C:/xampp/htdocs/ScoreTime_FullStack_V1.3/backend-laravel/vendor/laravel/framework/src/Illuminate/Session/Middleware/StartSession.php(63): Illuminate/Session/Middleware/StartSession->handleStatefulRequest(Object(Illuminate/Http/Request), Object(Illuminate/Session/Store), Object(Closure))
#17 C:/xampp/htdocs/ScoreTime_FullStack_V1.3/backend-laravel/vendor/laravel/framework/src/Illuminate/Pipeline/Pipeline.php(219): Illuminate/Session/Middleware/StartSession->handle(Object(Illuminate/Http/Request), Object(Closure))
#18 C:/xampp/htdocs/ScoreTime_FullStack_V1.3/backend-laravel/vendor/laravel/framework/src/Illuminate/Cookie/Middleware/AddQueuedCookiesToResponse.php(36): Illuminate/Pipeline/Pipeline->Illuminate/Pipeline/{closure}(Object(Illuminate/Http/Request))
#19 C:/xampp/htdocs/ScoreTime_FullStack_V1.3/backend-laravel/vendor/laravel/framework/src/Illuminate/Pipeline/Pipeline.php(219): Illuminate/Cookie/Middleware/AddQueuedCookiesToResponse->handle(Object(Illuminate/Http/Request), Object(Closure))
#20 C:/xampp/htdocs/ScoreTime_FullStack_V1.3/backend-laravel/vendor/laravel/framework/src/Illuminate/Cookie/Middleware/EncryptCookies.php(74): Illuminate/Pipeline/Pipeline->Illuminate/Pipeline/{closure}(Object(Illuminate/Http/Request))
#21 C:/xampp/htdocs/ScoreTime_FullStack_V1.3/backend-laravel/vendor/laravel/framework/src/Illuminate/Pipeline/Pipeline.php(219): Illuminate/Cookie/Middleware/EncryptCookies->handle(Object(Illuminate/Http/Request), Object(Closure))
#22 C:/xampp/htdocs/ScoreTime_FullStack_V1.3/backend-laravel/vendor/laravel/framework/src/Illuminate/Pipeline/Pipeline.php(137): Illuminate/Pipeline/Pipeline->Illuminate/Pipeline/{closure}(Object(Illuminate/Http/Request))
#23 C:/xampp/htdocs/ScoreTime_FullStack_V1.3/backend-laravel/vendor/laravel/framework/src/Illuminate/Routing/Router.php(821): Illuminate/Pipeline/Pipeline->then(Object(Closure))
#24 C:/xampp/htdocs/ScoreTime_FullStack_V1.3/backend-laravel/vendor/laravel/framework/src/Illuminate/Routing/Router.php(800): Illuminate/Routing/Router->runRouteWithinStack(Object(Illuminate/Routing/Route), Object(Illuminate/Http/Request))
#25 C:/xampp/htdocs/ScoreTime_FullStack_V1.3/backend-laravel/vendor/laravel/framework/src/Illuminate/Routing/Router.php(764): Illuminate/Routing/Router->runRoute(Object(Illuminate/Http/Request), Object(Illuminate/Routing/Route))
#26 C:/xampp/htdocs/ScoreTime_FullStack_V1.3/backend-laravel/vendor/laravel/framework/src/Illuminate/Routing/Router.php(753): Illuminate/Routing/Router->dispatchToRoute(Object(Illuminate/Http/Request))
#27 C:/xampp/htdocs/ScoreTime_FullStack_V1.3/backend-laravel/vendor/laravel/framework/src/Illuminate/Foundation/Http/Kernel.php(200): Illuminate/Routing/Router->dispatch(Object(Illuminate/Http/Request))
#28 C:/xampp/htdocs/ScoreTime_FullStack_V1.3/backend-laravel/vendor/laravel/framework/src/Illuminate/Pipeline/Pipeline.php(180): Illuminate/Foundation/Http/Kernel->Illuminate/Foundation/Http/{closure}(Object(Illuminate/Http/Request))
#29 C:/xampp/htdocs/ScoreTime_FullStack_V1.3/backend-laravel/vendor/laravel/framework/src/Illuminate/Foundation/Http/Middleware/TransformsRequest.php(21): Illuminate/Pipeline/Pipeline->Illuminate/Pipeline/{closure}(Object(Illuminate/Http/Request))
#30 C:/xampp/htdocs/ScoreTime_FullStack_V1.3/backend-laravel/vendor/laravel/framework/src/Illuminate/Foundation/Http/Middleware/ConvertEmptyStringsToNull.php(31): Illuminate/Foundation/Http/Middleware/TransformsRequest->handle(Object(Illuminate/Http/Request), Object(Closure))
#31 C:/xampp/htdocs/ScoreTime_FullStack_V1.3/backend-laravel/vendor/laravel/framework/src/Illuminate/Pipeline/Pipeline.php(219): Illuminate/Foundation/Http/Middleware/ConvertEmptyStringsToNull->handle(Object(Illuminate/Http/Request), Object(Closure))
#32 C:/xampp/htdocs/ScoreTime_FullStack_V1.3/backend-laravel/vendor/laravel/framework/src/Illuminate/Foundation/Http/Middleware/TransformsRequest.php(21): Illuminate/Pipeline/Pipeline->Illuminate/Pipeline/{closure}(Object(Illuminate/Http/Request))
#33 C:/xampp/htdocs/ScoreTime_FullStack_V1.3/backend-laravel/vendor/laravel/framework/src/Illuminate/Foundation/Http/Middleware/TrimStrings.php(51): Illuminate/Foundation/Http/Middleware/TransformsRequest->handle(Object(Illuminate/Http/Request), Object(Closure))
#34 C:/xampp/htdocs/ScoreTime_FullStack_V1.3/backend-laravel/vendor/laravel/framework/src/Illuminate/Pipeline/Pipeline.php(219): Illuminate/Foundation/Http/Middleware/TrimStrings->handle(Object(Illuminate/Http/Request), Object(Closure))
#35 C:/xampp/htdocs/ScoreTime_FullStack_V1.3/backend-laravel/vendor/laravel/framework/src/Illuminate/Http/Middleware/ValidatePostSize.php(27): Illuminate/Pipeline/Pipeline->Illuminate/Pipeline/{closure}(Object(Illuminate/Http/Request))
#36 C:/xampp/htdocs/ScoreTime_FullStack_V1.3/backend-laravel/vendor/laravel/framework/src/Illuminate/Pipeline/Pipeline.php(219): Illuminate/Http/Middleware/ValidatePostSize->handle(Object(Illuminate/Http/Request), Object(Closure))
#37 C:/xampp/htdocs/ScoreTime_FullStack_V1.3/backend-laravel/vendor/laravel/framework/src/Illuminate/Foundation/Http/Middleware/PreventRequestsDuringMaintenance.php(109): Illuminate/Pipeline/Pipeline->Illuminate/Pipeline/{closure}(Object(Illuminate/Http/Request))
#38 C:/xampp/htdocs/ScoreTime_FullStack_V1.3/backend-laravel/vendor/laravel/framework/src/Illuminate/Pipeline/Pipeline.php(219): Illuminate/Foundation/Http/Middleware/PreventRequestsDuringMaintenance->handle(Object(Illuminate/Http/Request), Object(Closure))
#39 C:/xampp/htdocs/ScoreTime_FullStack_V1.3/backend-laravel/vendor/laravel/framework/src/Illuminate/Http/Middleware/HandleCors.php(61): Illuminate/Pipeline/Pipeline->Illuminate/Pipeline/{closure}(Object(Illuminate/Http/Request))
#40 C:/xampp/htdocs/ScoreTime_FullStack_V1.3/backend-laravel/vendor/laravel/framework/src/Illuminate/Pipeline/Pipeline.php(219): Illuminate/Http/Middleware/HandleCors->handle(Object(Illuminate/Http/Request), Object(Closure))
#41 C:/xampp/htdocs/ScoreTime_FullStack_V1.3/backend-laravel/vendor/laravel/framework/src/Illuminate/Http/Middleware/TrustProxies.php(58): Illuminate/Pipeline/Pipeline->Illuminate/Pipeline/{closure}(Object(Illuminate/Http/Request))
#42 C:/xampp/htdocs/ScoreTime_FullStack_V1.3/backend-laravel/vendor/laravel/framework/src/Illuminate/Pipeline/Pipeline.php(219): Illuminate/Http/Middleware/TrustProxies->handle(Object(Illuminate/Http/Request), Object(Closure))
#43 C:/xampp/htdocs/ScoreTime_FullStack_V1.3/backend-laravel/vendor/laravel/framework/src/Illuminate/Foundation/Http/Middleware/InvokeDeferredCallbacks.php(22): Illuminate/Pipeline/Pipeline->Illuminate/Pipeline/{closure}(Object(Illuminate/Http/Request))
#44 C:/xampp/htdocs/ScoreTime_FullStack_V1.3/backend-laravel/vendor/laravel/framework/src/Illuminate/Pipeline/Pipeline.php(219): Illuminate/Foundation/Http/Middleware/InvokeDeferredCallbacks->handle(Object(Illuminate/Http/Request), Object(Closure))
#45 C:/xampp/htdocs/ScoreTime_FullStack_V1.3/backend-laravel/vendor/laravel/framework/src/Illuminate/Http/Middleware/ValidatePathEncoding.php(26): Illuminate/Pipeline/Pipeline->Illuminate/Pipeline/{closure}(Object(Illuminate/Http/Request))
#46 C:/xampp/htdocs/ScoreTime_FullStack_V1.3/backend-laravel/vendor/laravel/framework/src/Illuminate/Pipeline/Pipeline.php(219): Illuminate/Http/Middleware/ValidatePathEncoding->handle(Object(Illuminate/Http/Request), Object(Closure))
#47 C:/xampp/htdocs/ScoreTime_FullStack_V1.3/backend-laravel/vendor/laravel/framework/src/Illuminate/Pipeline/Pipeline.php(137): Illuminate/Pipeline/Pipeline->Illuminate/Pipeline/{closure}(Object(Illuminate/Http/Request))
#48 C:/xampp/htdocs/ScoreTime_FullStack_V1.3/backend-laravel/vendor/laravel/framework/src/Illuminate/Foundation/Http/Kernel.php(175): Illuminate/Pipeline/Pipeline->then(Object(Closure))
#49 C:/xampp/htdocs/ScoreTime_FullStack_V1.3/backend-laravel/vendor/laravel/framework/src/Illuminate/Foundation/Http/Kernel.php(144): Illuminate/Foundation/Http/Kernel->sendRequestThroughRouter(Object(Illuminate/Http/Request))
#50 C:/xampp/htdocs/ScoreTime_FullStack_V1.3/backend-laravel/vendor/laravel/framework/src/Illuminate/Foundation/Application.php(1220): Illuminate/Foundation/Http/Kernel->handle(Object(Illuminate/Http/Request))
#51 C:/xampp/htdocs/ScoreTime_FullStack_V1.3/backend-laravel/public/index.php(17): Illuminate/Foundation/Application->handleRequest(Object(Illuminate/Http/Request))
#52 C:/xampp/htdocs/ScoreTime_FullStack_V1.3/backend-laravel/vendor/laravel/framework/src/Illuminate/Foundation/resources/server.php(23): require_once('C://xampp//htdocs...')
#53 {main}

[previous exception] [object] (PDOException(code: 42S02): SQLSTATE[42S02]: Base table or view not found: 1146 Table 'football_global.sessions' doesn't exist at C:/xampp/htdocs/ScoreTime_FullStack_V1.3/backend-laravel/vendor/laravel/framework/src/Illuminate/Database/Connection.php:420)
[stacktrace]
#0 C:/xampp/htdocs/ScoreTime_FullStack_V1.3/backend-laravel/vendor/laravel/framework/src/Illuminate/Database/Connection.php(420): PDO->prepare('select * from `...')
#1 C:/xampp/htdocs/ScoreTime_FullStack_V1.3/backend-laravel/vendor/laravel/framework/src/Illuminate/Database/Connection.php(827): Illuminate/Database/Connection->Illuminate/Database/{closure}('select * from `...', Array)
#2 C:/xampp/htdocs/ScoreTime_FullStack_V1.3/backend-laravel/vendor/laravel/framework/src/Illuminate/Database/Connection.php(794): Illuminate/Database/Connection->runQueryCallback('select * from `...', Array, Object(Closure))
#3 C:/xampp/htdocs/ScoreTime_FullStack_V1.3/backend-laravel/vendor/laravel/framework/src/Illuminate/Database/Connection.php(411): Illuminate/Database/Connection->run('select * from `...', Array, Object(Closure))
#4 C:/xampp/htdocs/ScoreTime_FullStack_V1.3/backend-laravel/vendor/laravel/framework/src/Illuminate/Database/Query/Builder.php(3505): Illuminate/Database/Connection->select('select * from `...', Array, false)
#5 C:/xampp/htdocs/ScoreTime_FullStack_V1.3/backend-laravel/vendor/laravel/framework/src/Illuminate/Database/Query/Builder.php(3490): Illuminate/Database/Query/Builder->runSelect()
#6 C:/xampp/htdocs/ScoreTime_FullStack_V1.3/backend-laravel/vendor/laravel/framework/src/Illuminate/Database/Query/Builder.php(4080): Illuminate/Database/Query/Builder->Illuminate/Database/Query/{closure}()
#7 C:/xampp/htdocs/ScoreTime_FullStack_V1.3/backend-laravel/vendor/laravel/framework/src/Illuminate/Database/Query/Builder.php(3489): Illuminate/Database/Query/Builder->onceWithColumns(Array, Object(Closure))
#8 C:/xampp/htdocs/ScoreTime_FullStack_V1.3/backend-laravel/vendor/laravel/framework/src/Illuminate/Database/Concerns/BuildsQueries.php(366): Illuminate/Database/Query/Builder->get(Array)
#9 C:/xampp/htdocs/ScoreTime_FullStack_V1.3/backend-laravel/vendor/laravel/framework/src/Illuminate/Database/Query/Builder.php(3412): Illuminate/Database/Query/Builder->first(Array)
#10 C:/xampp/htdocs/ScoreTime_FullStack_V1.3/backend-laravel/vendor/laravel/framework/src/Illuminate/Session/DatabaseSessionHandler.php(96): Illuminate/Database/Query/Builder->find('hKN1JJdaI923Qpn...')
#11 C:/xampp/htdocs/ScoreTime_FullStack_V1.3/backend-laravel/vendor/laravel/framework/src/Illuminate/Session/Store.php(128): Illuminate/Session/DatabaseSessionHandler->read('hKN1JJdaI923Qpn...')
#12 C:/xampp/htdocs/ScoreTime_FullStack_V1.3/backend-laravel/vendor/laravel/framework/src/Illuminate/Session/Store.php(116): Illuminate/Session/Store->readFromHandler()
#13 C:/xampp/htdocs/ScoreTime_FullStack_V1.3/backend-laravel/vendor/laravel/framework/src/Illuminate/Session/Store.php(100): Illuminate/Session/Store->loadSession()
#14 C:/xampp/htdocs/ScoreTime_FullStack_V1.3/backend-laravel/vendor/laravel/framework/src/Illuminate/Session/Middleware/StartSession.php(146): Illuminate/Session/Store->start()
#15 C:/xampp/htdocs/ScoreTime_FullStack_V1.3/backend-laravel/vendor/laravel/framework/src/Illuminate/Support/helpers.php(393): Illuminate/Session/Middleware/StartSession->Illuminate/Session/Middleware/{closure}(Object(Illuminate/Session/Store))
#16 C:/xampp/htdocs/ScoreTime_FullStack_V1.3/backend-laravel/vendor/laravel/framework/src/Illuminate/Session/Middleware/StartSession.php(143): tap(Object(Illuminate/Session/Store), Object(Closure))
#17 C:/xampp/htdocs/ScoreTime_FullStack_V1.3/backend-laravel/vendor/laravel/framework/src/Illuminate/Session/Middleware/StartSession.php(115): Illuminate/Session/Middleware/StartSession->startSession(Object(Illuminate/Http/Request), Object(Illuminate/Session/Store))
#18 C:/xampp/htdocs/ScoreTime_FullStack_V1.3/backend-laravel/vendor/laravel/framework/src/Illuminate/Session/Middleware/StartSession.php(63): Illuminate/Session/Middleware/StartSession->handleStatefulRequest(Object(Illuminate/Http/Request), Object(Illuminate/Session/Store), Object(Closure))
#19 C:/xampp/htdocs/ScoreTime_FullStack_V1.3/backend-laravel/vendor/laravel/framework/src/Illuminate/Pipeline/Pipeline.php(219): Illuminate/Session/Middleware/StartSession->handle(Object(Illuminate/Http/Request), Object(Closure))
#20 C:/xampp/htdocs/ScoreTime_FullStack_V1.3/backend-laravel/vendor/laravel/framework/src/Illuminate/Cookie/Middleware/AddQueuedCookiesToResponse.php(36): Illuminate/Pipeline/Pipeline->Illuminate/Pipeline/{closure}(Object(Illuminate/Http/Request))
#21 C:/xampp/htdocs/ScoreTime_FullStack_V1.3/backend-laravel/vendor/laravel/framework/src/Illuminate/Pipeline/Pipeline.php(219): Illuminate/Cookie/Middleware/AddQueuedCookiesToResponse->handle(Object(Illuminate/Http/Request), Object(Closure))
#22 C:/xampp/htdocs/ScoreTime_FullStack_V1.3/backend-laravel/vendor/laravel/framework/src/Illuminate/Cookie/Middleware/EncryptCookies.php(74): Illuminate/Pipeline/Pipeline->Illuminate/Pipeline/{closure}(Object(Illuminate/Http/Request))
#23 C:/xampp/htdocs/ScoreTime_FullStack_V1.3/backend-laravel/vendor/laravel/framework/src/Illuminate/Pipeline/Pipeline.php(219): Illuminate/Cookie/Middleware/EncryptCookies->handle(Object(Illuminate/Http/Request), Object(Closure))
#24 C:/xampp/htdocs/ScoreTime_FullStack_V1.3/backend-laravel/vendor/laravel/framework/src/Illuminate/Pipeline/Pipeline.php(137): Illuminate/Pipeline/Pipeline->Illuminate/Pipeline/{closure}(Object(Illuminate/Http/Request))
#25 C:/xampp/htdocs/ScoreTime_FullStack_V1.3/backend-laravel/vendor/laravel/framework/src/Illuminate/Routing/Router.php(821): Illuminate/Pipeline/Pipeline->then(Object(Closure))
#26 C:/xampp/htdocs/ScoreTime_FullStack_V1.3/backend-laravel/vendor/laravel/framework/src/Illuminate/Routing/Router.php(800): Illuminate/Routing/Router->runRouteWithinStack(Object(Illuminate/Routing/Route), Object(Illuminate/Http/Request))
#27 C:/xampp/htdocs/ScoreTime_FullStack_V1.3/backend-laravel/vendor/laravel/framework/src/Illuminate/Routing/Router.php(764): Illuminate/Routing/Router->runRoute(Object(Illuminate/Http/Request), Object(Illuminate/Routing/Route))
#28 C:/xampp/htdocs/ScoreTime_FullStack_V1.3/backend-laravel/vendor/laravel/framework/src/Illuminate/Routing/Router.php(753): Illuminate/Routing/Router->dispatchToRoute(Object(Illuminate/Http/Request))
#29 C:/xampp/htdocs/ScoreTime_FullStack_V1.3/backend-laravel/vendor/laravel/framework/src/Illuminate/Foundation/Http/Kernel.php(200): Illuminate/Routing/Router->dispatch(Object(Illuminate/Http/Request))
#30 C:/xampp/htdocs/ScoreTime_FullStack_V1.3/backend-laravel/vendor/laravel/framework/src/Illuminate/Pipeline/Pipeline.php(180): Illuminate/Foundation/Http/Kernel->Illuminate/Foundation/Http/{closure}(Object(Illuminate/Http/Request))
#31 C:/xampp/htdocs/ScoreTime_FullStack_V1.3/backend-laravel/vendor/laravel/framework/src/Illuminate/Foundation/Http/Middleware/TransformsRequest.php(21): Illuminate/Pipeline/Pipeline->Illuminate/Pipeline/{closure}(Object(Illuminate/Http/Request))
#32 C:/xampp/htdocs/ScoreTime_FullStack_V1.3/backend-laravel/vendor/laravel/framework/src/Illuminate/Foundation/Http/Middleware/ConvertEmptyStringsToNull.php(31): Illuminate/Foundation/Http/Middleware/TransformsRequest->handle(Object(Illuminate/Http/Request), Object(Closure))
#33 C:/xampp/htdocs/ScoreTime_FullStack_V1.3/backend-laravel/vendor/laravel/framework/src/Illuminate/Pipeline/Pipeline.php(219): Illuminate/Foundation/Http/Middleware/ConvertEmptyStringsToNull->handle(Object(Illuminate/Http/Request), Object(Closure))
#34 C:/xampp/htdocs/ScoreTime_FullStack_V1.3/backend-laravel/vendor/laravel/framework/src/Illuminate/Foundation/Http/Middleware/TransformsRequest.php(21): Illuminate/Pipeline/Pipeline->Illuminate/Pipeline/{closure}(Object(Illuminate/Http/Request))
#35 C:/xampp/htdocs/ScoreTime_FullStack_V1.3/backend-laravel/vendor/laravel/framework/src/Illuminate/Foundation/Http/Middleware/TrimStrings.php(51): Illuminate/Foundation/Http/Middleware/TransformsRequest->handle(Object(Illuminate/Http/Request), Object(Closure))
#36 C:/xampp/htdocs/ScoreTime_FullStack_V1.3/backend-laravel/vendor/laravel/framework/src/Illuminate/Pipeline/Pipeline.php(219): Illuminate/Foundation/Http/Middleware/TrimStrings->handle(Object(Illuminate/Http/Request), Object(Closure))
#37 C:/xampp/htdocs/ScoreTime_FullStack_V1.3/backend-laravel/vendor/laravel/framework/src/Illuminate/Http/Middleware/ValidatePostSize.php(27): Illuminate/Pipeline/Pipeline->Illuminate/Pipeline/{closure}(Object(Illuminate/Http/Request))
#38 C:/xampp/htdocs/ScoreTime_FullStack_V1.3/backend-laravel/vendor/laravel/framework/src/Illuminate/Pipeline/Pipeline.php(219): Illuminate/Http/Middleware/ValidatePostSize->handle(Object(Illuminate/Http/Request), Object(Closure))
#39 C:/xampp/htdocs/ScoreTime_FullStack_V1.3/backend-laravel/vendor/laravel/framework/src/Illuminate/Foundation/Http/Middleware/PreventRequestsDuringMaintenance.php(109): Illuminate/Pipeline/Pipeline->Illuminate/Pipeline/{closure}(Object(Illuminate/Http/Request))
#40 C:/xampp/htdocs/ScoreTime_FullStack_V1.3/backend-laravel/vendor/laravel/framework/src/Illuminate/Pipeline/Pipeline.php(219): Illuminate/Foundation/Http/Middleware/PreventRequestsDuringMaintenance->handle(Object(Illuminate/Http/Request), Object(Closure))
#41 C:/xampp/htdocs/ScoreTime_FullStack_V1.3/backend-laravel/vendor/laravel/framework/src/Illuminate/Http/Middleware/HandleCors.php(61): Illuminate/Pipeline/Pipeline->Illuminate/Pipeline/{closure}(Object(Illuminate/Http/Request))
#42 C:/xampp/htdocs/ScoreTime_FullStack_V1.3/backend-laravel/vendor/laravel/framework/src/Illuminate/Pipeline/Pipeline.php(219): Illuminate/Http/Middleware/HandleCors->handle(Object(Illuminate/Http/Request), Object(Closure))
#43 C:/xampp/htdocs/ScoreTime_FullStack_V1.3/backend-laravel/vendor/laravel/framework/src/Illuminate/Http/Middleware/TrustProxies.php(58): Illuminate/Pipeline/Pipeline->Illuminate/Pipeline/{closure}(Object(Illuminate/Http/Request))
#44 C:/xampp/htdocs/ScoreTime_FullStack_V1.3/backend-laravel/vendor/laravel/framework/src/Illuminate/Pipeline/Pipeline.php(219): Illuminate/Http/Middleware/TrustProxies->handle(Object(Illuminate/Http/Request), Object(Closure))
#45 C:/xampp/htdocs/ScoreTime_FullStack_V1.3/backend-laravel/vendor/laravel/framework/src/Illuminate/Foundation/Http/Middleware/InvokeDeferredCallbacks.php(22): Illuminate/Pipeline/Pipeline->Illuminate/Pipeline/{closure}(Object(Illuminate/Http/Request))
#46 C:/xampp/htdocs/ScoreTime_FullStack_V1.3/backend-laravel/vendor/laravel/framework/src/Illuminate/Pipeline/Pipeline.php(219): Illuminate/Foundation/Http/Middleware/InvokeDeferredCallbacks->handle(Object(Illuminate/Http/Request), Object(Closure))
#47 C:/xampp/htdocs/ScoreTime_FullStack_V1.3/backend-laravel/vendor/laravel/framework/src/Illuminate/Http/Middleware/ValidatePathEncoding.php(26): Illuminate/Pipeline/Pipeline->Illuminate/Pipeline/{closure}(Object(Illuminate/Http/Request))
#48 C:/xampp/htdocs/ScoreTime_FullStack_V1.3/backend-laravel/vendor/laravel/framework/src/Illuminate/Pipeline/Pipeline.php(219): Illuminate/Http/Middleware/ValidatePathEncoding->handle(Object(Illuminate/Http/Request), Object(Closure))
#49 C:/xampp/htdocs/ScoreTime_FullStack_V1.3/backend-laravel/vendor/laravel/framework/src/Illuminate/Pipeline/Pipeline.php(137): Illuminate/Pipeline/Pipeline->Illuminate/Pipeline/{closure}(Object(Illuminate/Http/Request))
#50 C:/xampp/htdocs/ScoreTime_FullStack_V1.3/backend-laravel/vendor/laravel/framework/src/Illuminate/Foundation/Http/Kernel.php(175): Illuminate/Pipeline/Pipeline->then(Object(Closure))
#51 C:/xampp/htdocs/ScoreTime_FullStack_V1.3/backend-laravel/vendor/laravel/framework/src/Illuminate/Foundation/Http/Kernel.php(144): Illuminate/Foundation/Http/Kernel->sendRequestThroughRouter(Object(Illuminate/Http/Request))
#52 C:/xampp/htdocs/ScoreTime_FullStack_V1.3/backend-laravel/vendor/laravel/framework/src/Illuminate/Foundation/Application.php(1220): Illuminate/Foundation/Http/Kernel->handle(Object(Illuminate/Http/Request))
#53 C:/xampp/htdocs/ScoreTime_FullStack_V1.3/backend-laravel/public/index.php(17): Illuminate/Foundation/Application->handleRequest(Object(Illuminate/Http/Request))
#54 C:/xampp/htdocs/ScoreTime_FullStack_V1.3/backend-laravel/vendor/laravel/framework/src/Illuminate/Foundation/resources/server.php(23): require_once('C://xampp//htdocs...')
#55 {main}
"} 
[2026-08-19 08:35:51] local.ERROR: SQLSTATE[42S02]: Base table or view not found: 1146 Table 'football_global.sessions' doesn't exist (Connection: mysql, Host: 127.0.0.1, Port: 3306, Database: football_global, SQL: select * from `sessions` where `id` = rtaAZTfRAgYKgoyWg5UEl9hcLJrQby6CVP8b7kBY limit 1) {"exception":"[object] (Illuminate\\Database\\QueryException(code: 42S02): SQLSTATE[42S02]: Base table or view not found: 1146 Table 'football_global.sessions' doesn't exist (Connection: mysql, Host: 127.0.0.1, Port: 3306, Database: football_global, SQL: select * from `sessions` where `id` = rtaAZTfRAgYKgoyWg5UEl9hcLJrQby6CVP8b7kBY limit 1) at C:/xampp/htdocs/ScoreTime_FullStack_V1.3/backend-laravel/vendor/laravel/framework/src/Illuminate/Database/Connection.php:838)
[stacktrace]
#0 C:/xampp/htdocs/ScoreTime_FullStack_V1.3/backend-laravel/vendor/laravel/framework/src/Illuminate/Database/Connection.php(794): Illuminate/Database/Connection->runQueryCallback('select * from `...', Array, Object(Closure))
#1 C:/xampp/htdocs/ScoreTime_FullStack_V1.3/backend-laravel/vendor/laravel/framework/src/Illuminate/Database/Connection.php(411): Illuminate/Database/Connection->run('select * from `...', Array, Object(Closure))
#2 C:/xampp/htdocs/ScoreTime_FullStack_V1.3/backend-laravel/vendor/laravel/framework/src/Illuminate/Database/Query/Builder.php(3505): Illuminate/Database/Connection->select('select * from `...', Array, false)
#3 C:/xampp/htdocs/ScoreTime_FullStack_V1.3/backend-laravel/vendor/laravel/framework/src/Illuminate/Database/Query/Builder.php(3490): Illuminate/Database/Query/Builder->runSelect()
#4 C:/xampp/htdocs/ScoreTime_FullStack_V1.3/backend-laravel/vendor/laravel/framework/src/Illuminate/Database/Query/Builder.php(4080): Illuminate/Database/Query/Builder->Illuminate/Database/Query/{closure}()
#5 C:/xampp/htdocs/ScoreTime_FullStack_V1.3/backend-laravel/vendor/laravel/framework/src/Illuminate/Database/Query/Builder.php(3489): Illuminate/Database/Query/Builder->onceWithColumns(Array, Object(Closure))
#6 C:/xampp/htdocs/ScoreTime_FullStack_V1.3/backend-laravel/vendor/laravel/framework/src/Illuminate/Database/Concerns/BuildsQueries.php(366): Illuminate/Database/Query/Builder->get(Array)
#7 C:/xampp/htdocs/ScoreTime_FullStack_V1.3/backend-laravel/vendor/laravel/framework/src/Illuminate/Database/Query/Builder.php(3412): Illuminate/Database/Query/Builder->first(Array)
#8 C:/xampp/htdocs/ScoreTime_FullStack_V1.3/backend-laravel/vendor/laravel/framework/src/Illuminate/Session/DatabaseSessionHandler.php(96): Illuminate/Database/Query/Builder->find('rtaAZTfRAgYKgoy...')
#9 C:/xampp/htdocs/ScoreTime_FullStack_V1.3/backend-laravel/vendor/laravel/framework/src/Illuminate/Session/Store.php(128): Illuminate/Session/DatabaseSessionHandler->read('rtaAZTfRAgYKgoy...')
#10 C:/xampp/htdocs/ScoreTime_FullStack_V1.3/backend-laravel/vendor/laravel/framework/src/Illuminate/Session/Store.php(116): Illuminate/Session/Store->readFromHandler()
#11 C:/xampp/htdocs/ScoreTime_FullStack_V1.3/backend-laravel/vendor/laravel/framework/src/Illuminate/Session/Store.php(100): Illuminate/Session/Store->loadSession()
#12 C:/xampp/htdocs/ScoreTime_FullStack_V1.3/backend-laravel/vendor/laravel/framework/src/Illuminate/Session/Middleware/StartSession.php(146): Illuminate/Session/Store->start()
#13 C:/xampp/htdocs/ScoreTime_FullStack_V1.3/backend-laravel/vendor/laravel/framework/src/Illuminate/Support/helpers.php(393): Illuminate/Session/Middleware/StartSession->Illuminate/Session/Middleware/{closure}(Object(Illuminate/Session/Store))
#14 C:/xampp/htdocs/ScoreTime_FullStack_V1.3/backend-laravel/vendor/laravel/framework/src/Illuminate/Session/Middleware/StartSession.php(143): tap(Object(Illuminate/Session/Store), Object(Closure))
#15 C:/xampp/htdocs/ScoreTime_FullStack_V1.3/backend-laravel/vendor/laravel/framework/src/Illuminate/Session/Middleware/StartSession.php(115): Illuminate/Session/Middleware/StartSession->startSession(Object(Illuminate/Http/Request), Object(Illuminate/Session/Store))
#16 C:/xampp/htdocs/ScoreTime_FullStack_V1.3/backend-laravel/vendor/laravel/framework/src/Illuminate/Session/Middleware/StartSession.php(63): Illuminate/Session/Middleware/StartSession->handleStatefulRequest(Object(Illuminate/Http/Request), Object(Illuminate/Session/Store), Object(Closure))
#17 C:/xampp/htdocs/ScoreTime_FullStack_V1.3/backend-laravel/vendor/laravel/framework/src/Illuminate/Pipeline/Pipeline.php(219): Illuminate/Session/Middleware/StartSession->handle(Object(Illuminate/Http/Request), Object(Closure))
#18 C:/xampp/htdocs/ScoreTime_FullStack_V1.3/backend-laravel/vendor/laravel/framework/src/Illuminate/Cookie/Middleware/AddQueuedCookiesToResponse.php(36): Illuminate/Pipeline/Pipeline->Illuminate/Pipeline/{closure}(Object(Illuminate/Http/Request))
#19 C:/xampp/htdocs/ScoreTime_FullStack_V1.3/backend-laravel/vendor/laravel/framework/src/Illuminate/Pipeline/Pipeline.php(219): Illuminate/Cookie/Middleware/AddQueuedCookiesToResponse->handle(Object(Illuminate/Http/Request), Object(Closure))
#20 C:/xampp/htdocs/ScoreTime_FullStack_V1.3/backend-laravel/vendor/laravel/framework/src/Illuminate/Cookie/Middleware/EncryptCookies.php(74): Illuminate/Pipeline/Pipeline->Illuminate/Pipeline/{closure}(Object(Illuminate/Http/Request))
#21 C:/xampp/htdocs/ScoreTime_FullStack_V1.3/backend-laravel/vendor/laravel/framework/src/Illuminate/Pipeline/Pipeline.php(219): Illuminate/Cookie/Middleware/EncryptCookies->handle(Object(Illuminate/Http/Request), Object(Closure))
#22 C:/xampp/htdocs/ScoreTime_FullStack_V1.3/backend-laravel/vendor/laravel/framework/src/Illuminate/Pipeline/Pipeline.php(137): Illuminate/Pipeline/Pipeline->Illuminate/Pipeline/{closure}(Object(Illuminate/Http/Request))
#23 C:/xampp/htdocs/ScoreTime_FullStack_V1.3/backend-laravel/vendor/laravel/framework/src/Illuminate/Routing/Router.php(821): Illuminate/Pipeline/Pipeline->then(Object(Closure))
#24 C:/xampp/htdocs/ScoreTime_FullStack_V1.3/backend-laravel/vendor/laravel/framework/src/Illuminate/Routing/Router.php(800): Illuminate/Routing/Router->runRouteWithinStack(Object(Illuminate/Routing/Route), Object(Illuminate/Http/Request))
#25 C:/xampp/htdocs/ScoreTime_FullStack_V1.3/backend-laravel/vendor/laravel/framework/src/Illuminate/Routing/Router.php(764): Illuminate/Routing/Router->runRoute(Object(Illuminate/Http/Request), Object(Illuminate/Routing/Route))
#26 C:/xampp/htdocs/ScoreTime_FullStack_V1.3/backend-laravel/vendor/laravel/framework/src/Illuminate/Routing/Router.php(753): Illuminate/Routing/Router->dispatchToRoute(Object(Illuminate/Http/Request))
#27 C:/xampp/htdocs/ScoreTime_FullStack_V1.3/backend-laravel/vendor/laravel/framework/src/Illuminate/Foundation/Http/Kernel.php(200): Illuminate/Routing/Router->dispatch(Object(Illuminate/Http/Request))
#28 C:/xampp/htdocs/ScoreTime_FullStack_V1.3/backend-laravel/vendor/laravel/framework/src/Illuminate/Pipeline/Pipeline.php(180): Illuminate/Foundation/Http/Kernel->Illuminate/Foundation/Http/{closure}(Object(Illuminate/Http/Request))
#29 C:/xampp/htdocs/ScoreTime_FullStack_V1.3/backend-laravel/vendor/laravel/framework/src/Illuminate/Foundation/Http/Middleware/TransformsRequest.php(21): Illuminate/Pipeline/Pipeline->Illuminate/Pipeline/{closure}(Object(Illuminate/Http/Request))
#30 C:/xampp/htdocs/ScoreTime_FullStack_V1.3/backend-laravel/vendor/laravel/framework/src/Illuminate/Foundation/Http/Middleware/ConvertEmptyStringsToNull.php(31): Illuminate/Foundation/Http/Middleware/TransformsRequest->handle(Object(Illuminate/Http/Request), Object(Closure))
#31 C:/xampp/htdocs/ScoreTime_FullStack_V1.3/backend-laravel/vendor/laravel/framework/src/Illuminate/Pipeline/Pipeline.php(219): Illuminate/Foundation/Http/Middleware/ConvertEmptyStringsToNull->handle(Object(Illuminate/Http/Request), Object(Closure))
#32 C:/xampp/htdocs/ScoreTime_FullStack_V1.3/backend-laravel/vendor/laravel/framework/src/Illuminate/Foundation/Http/Middleware/TransformsRequest.php(21): Illuminate/Pipeline/Pipeline->Illuminate/Pipeline/{closure}(Object(Illuminate/Http/Request))
#33 C:/xampp/htdocs/ScoreTime_FullStack_V1.3/backend-laravel/vendor/laravel/framework/src/Illuminate/Foundation/Http/Middleware/TrimStrings.php(51): Illuminate/Foundation/Http/Middleware/TransformsRequest->handle(Object(Illuminate/Http/Request), Object(Closure))
#34 C:/xampp/htdocs/ScoreTime_FullStack_V1.3/backend-laravel/vendor/laravel/framework/src/Illuminate/Pipeline/Pipeline.php(219): Illuminate/Foundation/Http/Middleware/TrimStrings->handle(Object(Illuminate/Http/Request), Object(Closure))
#35 C:/xampp/htdocs/ScoreTime_FullStack_V1.3/backend-laravel/vendor/laravel/framework/src/Illuminate/Http/Middleware/ValidatePostSize.php(27): Illuminate/Pipeline/Pipeline->Illuminate/Pipeline/{closure}(Object(Illuminate/Http/Request))
#36 C:/xampp/htdocs/ScoreTime_FullStack_V1.3/backend-laravel/vendor/laravel/framework/src/Illuminate/Pipeline/Pipeline.php(219): Illuminate/Http/Middleware/ValidatePostSize->handle(Object(Illuminate/Http/Request), Object(Closure))
#37 C:/xampp/htdocs/ScoreTime_FullStack_V1.3/backend-laravel/vendor/laravel/framework/src/Illuminate/Foundation/Http/Middleware/PreventRequestsDuringMaintenance.php(109): Illuminate/Pipeline/Pipeline->Illuminate/Pipeline/{closure}(Object(Illuminate/Http/Request))
#38 C:/xampp/htdocs/ScoreTime_FullStack_V1.3/backend-laravel/vendor/laravel/framework/src/Illuminate/Pipeline/Pipeline.php(219): Illuminate/Foundation/Http/Middleware/PreventRequestsDuringMaintenance->handle(Object(Illuminate/Http/Request), Object(Closure))
#39 C:/xampp/htdocs/ScoreTime_FullStack_V1.3/backend-laravel/vendor/laravel/framework/src/Illuminate/Http/Middleware/HandleCors.php(61): Illuminate/Pipeline/Pipeline->Illuminate/Pipeline/{closure}(Object(Illuminate/Http/Request))
#40 C:/xampp/htdocs/ScoreTime_FullStack_V1.3/backend-laravel/vendor/laravel/framework/src/Illuminate/Pipeline/Pipeline.php(219): Illuminate/Http/Middleware/HandleCors->handle(Object(Illuminate/Http/Request), Object(Closure))
#41 C:/xampp/htdocs/ScoreTime_FullStack_V1.3/backend-laravel/vendor/laravel/framework/src/Illuminate/Http/Middleware/TrustProxies.php(58): Illuminate/Pipeline/Pipeline->Illuminate/Pipeline/{closure}(Object(Illuminate/Http/Request))
#42 C:/xampp/htdocs/ScoreTime_FullStack_V1.3/backend-laravel/vendor/laravel/framework/src/Illuminate/Pipeline/Pipeline.php(219): Illuminate/Http/Middleware/TrustProxies->handle(Object(Illuminate/Http/Request), Object(Closure))
#43 C:/xampp/htdocs/ScoreTime_FullStack_V1.3/backend-laravel/vendor/laravel/framework/src/Illuminate/Foundation/Http/Middleware/InvokeDeferredCallbacks.php(22): Illuminate/Pipeline/Pipeline->Illuminate/Pipeline/{closure}(Object(Illuminate/Http/Request))
#44 C:/xampp/htdocs/ScoreTime_FullStack_V1.3/backend-laravel/vendor/laravel/framework/src/Illuminate/Pipeline/Pipeline.php(219): Illuminate/Foundation/Http/Middleware/InvokeDeferredCallbacks->handle(Object(Illuminate/Http/Request), Object(Closure))
#45 C:/xampp/htdocs/ScoreTime_FullStack_V1.3/backend-laravel/vendor/laravel/framework/src/Illuminate/Http/Middleware/ValidatePathEncoding.php(26): Illuminate/Pipeline/Pipeline->Illuminate/Pipeline/{closure}(Object(Illuminate/Http/Request))
#46 C:/xampp/htdocs/ScoreTime_FullStack_V1.3/backend-laravel/vendor/laravel/framework/src/Illuminate/Pipeline/Pipeline.php(219): Illuminate/Http/Middleware/ValidatePathEncoding->handle(Object(Illuminate/Http/Request), Object(Closure))
#47 C:/xampp/htdocs/ScoreTime_FullStack_V1.3/backend-laravel/vendor/laravel/framework/src/Illuminate/Pipeline/Pipeline.php(137): Illuminate/Pipeline/Pipeline->Illuminate/Pipeline/{closure}(Object(Illuminate/Http/Request))
#48 C:/xampp/htdocs/ScoreTime_FullStack_V1.3/backend-laravel/vendor/laravel/framework/src/Illuminate/Foundation/Http/Kernel.php(175): Illuminate/Pipeline/Pipeline->then(Object(Closure))
#49 C:/xampp/htdocs/ScoreTime_FullStack_V1.3/backend-laravel/vendor/laravel/framework/src/Illuminate/Foundation/Http/Kernel.php(144): Illuminate/Foundation/Http/Kernel->sendRequestThroughRouter(Object(Illuminate/Http/Request))
#50 C:/xampp/htdocs/ScoreTime_FullStack_V1.3/backend-laravel/vendor/laravel/framework/src/Illuminate/Foundation/Application.php(1220): Illuminate/Foundation/Http/Kernel->handle(Object(Illuminate/Http/Request))
#51 C:/xampp/htdocs/ScoreTime_FullStack_V1.3/backend-laravel/public/index.php(17): Illuminate/Foundation/Application->handleRequest(Object(Illuminate/Http/Request))
#52 C:/xampp/htdocs/ScoreTime_FullStack_V1.3/backend-laravel/vendor/laravel/framework/src/Illuminate/Foundation/resources/server.php(23): require_once('C://xampp//htdocs...')
#53 {main}

[previous exception] [object] (PDOException(code: 42S02): SQLSTATE[42S02]: Base table or view not found: 1146 Table 'football_global.sessions' doesn't exist at C:/xampp/htdocs/ScoreTime_FullStack_V1.3/backend-laravel/vendor/laravel/framework/src/Illuminate/Database/Connection.php:420)
[stacktrace]
#0 C:/xampp/htdocs/ScoreTime_FullStack_V1.3/backend-laravel/vendor/laravel/framework/src/Illuminate/Database/Connection.php(420): PDO->prepare('select * from `...')
#1 C:/xampp/htdocs/ScoreTime_FullStack_V1.3/backend-laravel/vendor/laravel/framework/src/Illuminate/Database/Connection.php(827): Illuminate/Database/Connection->Illuminate/Database/{closure}('select * from `...', Array)
#2 C:/xampp/htdocs/ScoreTime_FullStack_V1.3/backend-laravel/vendor/laravel/framework/src/Illuminate/Database/Connection.php(794): Illuminate/Database/Connection->runQueryCallback('select * from `...', Array, Object(Closure))
#3 C:/xampp/htdocs/ScoreTime_FullStack_V1.3/backend-laravel/vendor/laravel/framework/src/Illuminate/Database/Connection.php(411): Illuminate/Database/Connection->run('select * from `...', Array, Object(Closure))
#4 C:/xampp/htdocs/ScoreTime_FullStack_V1.3/backend-laravel/vendor/laravel/framework/src/Illuminate/Database/Query/Builder.php(3505): Illuminate/Database/Connection->select('select * from `...', Array, false)
#5 C:/xampp/htdocs/ScoreTime_FullStack_V1.3/backend-laravel/vendor/laravel/framework/src/Illuminate/Database/Query/Builder.php(3490): Illuminate/Database/Query/Builder->runSelect()
#6 C:/xampp/htdocs/ScoreTime_FullStack_V1.3/backend-laravel/vendor/laravel/framework/src/Illuminate/Database/Query/Builder.php(4080): Illuminate/Database/Query/Builder->Illuminate/Database/Query/{closure}()
#7 C:/xampp/htdocs/ScoreTime_FullStack_V1.3/backend-laravel/vendor/laravel/framework/src/Illuminate/Database/Query/Builder.php(3489): Illuminate/Database/Query/Builder->onceWithColumns(Array, Object(Closure))
#8 C:/xampp/htdocs/ScoreTime_FullStack_V1.3/backend-laravel/vendor/laravel/framework/src/Illuminate/Database/Concerns/BuildsQueries.php(366): Illuminate/Database/Query/Builder->get(Array)
#9 C:/xampp/htdocs/ScoreTime_FullStack_V1.3/backend-laravel/vendor/laravel/framework/src/Illuminate/Database/Query/Builder.php(3412): Illuminate/Database/Query/Builder->first(Array)
#10 C:/xampp/htdocs/ScoreTime_FullStack_V1.3/backend-laravel/vendor/laravel/framework/src/Illuminate/Session/DatabaseSessionHandler.php(96): Illuminate/Database/Query/Builder->find('rtaAZTfRAgYKgoy...')
#11 C:/xampp/htdocs/ScoreTime_FullStack_V1.3/backend-laravel/vendor/laravel/framework/src/Illuminate/Session/Store.php(128): Illuminate/Session/DatabaseSessionHandler->read('rtaAZTfRAgYKgoy...')
#12 C:/xampp/htdocs/ScoreTime_FullStack_V1.3/backend-laravel/vendor/laravel/framework/src/Illuminate/Session/Store.php(116): Illuminate/Session/Store->readFromHandler()
#13 C:/xampp/htdocs/ScoreTime_FullStack_V1.3/backend-laravel/vendor/laravel/framework/src/Illuminate/Session/Store.php(100): Illuminate/Session/Store->loadSession()
#14 C:/xampp/htdocs/ScoreTime_FullStack_V1.3/backend-laravel/vendor/laravel/framework/src/Illuminate/Session/Middleware/StartSession.php(146): Illuminate/Session/Store->start()
#15 C:/xampp/htdocs/ScoreTime_FullStack_V1.3/backend-laravel/vendor/laravel/framework/src/Illuminate/Support/helpers.php(393): Illuminate/Session/Middleware/StartSession->Illuminate/Session/Middleware/{closure}(Object(Illuminate/Session/Store))
#16 C:/xampp/htdocs/ScoreTime_FullStack_V1.3/backend-laravel/vendor/laravel/framework/src/Illuminate/Session/Middleware/StartSession.php(143): tap(Object(Illuminate/Session/Store), Object(Closure))
#17 C:/xampp/htdocs/ScoreTime_FullStack_V1.3/backend-laravel/vendor/laravel/framework/src/Illuminate/Session/Middleware/StartSession.php(115): Illuminate/Session/Middleware/StartSession->startSession(Object(Illuminate/Http/Request), Object(Illuminate/Session/Store))
#18 C:/xampp/htdocs/ScoreTime_FullStack_V1.3/backend-laravel/vendor/laravel/framework/src/Illuminate/Session/Middleware/StartSession.php(63): Illuminate/Session/Middleware/StartSession->handleStatefulRequest(Object(Illuminate/Http/Request), Object(Illuminate/Session/Store), Object(Closure))
#19 C:/xampp/htdocs/ScoreTime_FullStack_V1.3/backend-laravel/vendor/laravel/framework/src/Illuminate/Pipeline/Pipeline.php(219): Illuminate/Session/Middleware/StartSession->handle(Object(Illuminate/Http/Request), Object(Closure))
#20 C:/xampp/htdocs/ScoreTime_FullStack_V1.3/backend-laravel/vendor/laravel/framework/src/Illuminate/Cookie/Middleware/AddQueuedCookiesToResponse.php(36): Illuminate/Pipeline/Pipeline->Illuminate/Pipeline/{closure}(Object(Illuminate/Http/Request))
#21 C:/xampp/htdocs/ScoreTime_FullStack_V1.3/backend-laravel/vendor/laravel/framework/src/Illuminate/Pipeline/Pipeline.php(219): Illuminate/Cookie/Middleware/AddQueuedCookiesToResponse->handle(Object(Illuminate/Http/Request), Object(Closure))
#22 C:/xampp/htdocs/ScoreTime_FullStack_V1.3/backend-laravel/vendor/laravel/framework/src/Illuminate/Cookie/Middleware/EncryptCookies.php(74): Illuminate/Pipeline/Pipeline->Illuminate/Pipeline/{closure}(Object(Illuminate/Http/Request))
#23 C:/xampp/htdocs/ScoreTime_FullStack_V1.3/backend-laravel/vendor/laravel/framework/src/Illuminate/Pipeline/Pipeline.php(219): Illuminate/Cookie/Middleware/EncryptCookies->handle(Object(Illuminate/Http/Request), Object(Closure))
#24 C:/xampp/htdocs/ScoreTime_FullStack_V1.3/backend-laravel/vendor/laravel/framework/src/Illuminate/Pipeline/Pipeline.php(137): Illuminate/Pipeline/Pipeline->Illuminate/Pipeline/{closure}(Object(Illuminate/Http/Request))
#25 C:/xampp/htdocs/ScoreTime_FullStack_V1.3/backend-laravel/vendor/laravel/framework/src/Illuminate/Routing/Router.php(821): Illuminate/Pipeline/Pipeline->then(Object(Closure))
#26 C:/xampp/htdocs/ScoreTime_FullStack_V1.3/backend-laravel/vendor/laravel/framework/src/Illuminate/Routing/Router.php(800): Illuminate/Routing/Router->runRouteWithinStack(Object(Illuminate/Routing/Route), Object(Illuminate/Http/Request))
#27 C:/xampp/htdocs/ScoreTime_FullStack_V1.3/backend-laravel/vendor/laravel/framework/src/Illuminate/Routing/Router.php(764): Illuminate/Routing/Router->runRoute(Object(Illuminate/Http/Request), Object(Illuminate/Routing/Route))
#28 C:/xampp/htdocs/ScoreTime_FullStack_V1.3/backend-laravel/vendor/laravel/framework/src/Illuminate/Routing/Router.php(753): Illuminate/Routing/Router->dispatchToRoute(Object(Illuminate/Http/Request))
#29 C:/xampp/htdocs/ScoreTime_FullStack_V1.3/backend-laravel/vendor/laravel/framework/src/Illuminate/Foundation/Http/Kernel.php(200): Illuminate/Routing/Router->dispatch(Object(Illuminate/Http/Request))
#30 C:/xampp/htdocs/ScoreTime_FullStack_V1.3/backend-laravel/vendor/laravel/framework/src/Illuminate/Pipeline/Pipeline.php(180): Illuminate/Foundation/Http/Kernel->Illuminate/Foundation/Http/{closure}(Object(Illuminate/Http/Request))
#31 C:/xampp/htdocs/ScoreTime_FullStack_V1.3/backend-laravel/vendor/laravel/framework/src/Illuminate/Foundation/Http/Middleware/TransformsRequest.php(21): Illuminate/Pipeline/Pipeline->Illuminate/Pipeline/{closure}(Object(Illuminate/Http/Request))
#32 C:/xampp/htdocs/ScoreTime_FullStack_V1.3/backend-laravel/vendor/laravel/framework/src/Illuminate/Foundation/Http/Middleware/ConvertEmptyStringsToNull.php(31): Illuminate/Foundation/Http/Middleware/TransformsRequest->handle(Object(Illuminate/Http/Request), Object(Closure))
#33 C:/xampp/htdocs/ScoreTime_FullStack_V1.3/backend-laravel/vendor/laravel/framework/src/Illuminate/Pipeline/Pipeline.php(219): Illuminate/Foundation/Http/Middleware/ConvertEmptyStringsToNull->handle(Object(Illuminate/Http/Request), Object(Closure))
#34 C:/xampp/htdocs/ScoreTime_FullStack_V1.3/backend-laravel/vendor/laravel/framework/src/Illuminate/Foundation/Http/Middleware/TransformsRequest.php(21): Illuminate/Pipeline/Pipeline->Illuminate/Pipeline/{closure}(Object(Illuminate/Http/Request))
#35 C:/xampp/htdocs/ScoreTime_FullStack_V1.3/backend-laravel/vendor/laravel/framework/src/Illuminate/Foundation/Http/Middleware/TrimStrings.php(51): Illuminate/Foundation/Http/Middleware/TransformsRequest->handle(Object(Illuminate/Http/Request), Object(Closure))
#36 C:/xampp/htdocs/ScoreTime_FullStack_V1.3/backend-laravel/vendor/laravel/framework/src/Illuminate/Pipeline/Pipeline.php(219): Illuminate/Foundation/Http/Middleware/TrimStrings->handle(Object(Illuminate/Http/Request), Object(Closure))
#37 C:/xampp/htdocs/ScoreTime_FullStack_V1.3/backend-laravel/vendor/laravel/framework/src/Illuminate/Http/Middleware/ValidatePostSize.php(27): Illuminate/Pipeline/Pipeline->Illuminate/Pipeline/{closure}(Object(Illuminate/Http/Request))
#38 C:/xampp/htdocs/ScoreTime_FullStack_V1.3/backend-laravel/vendor/laravel/framework/src/Illuminate/Pipeline/Pipeline.php(219): Illuminate/Http/Middleware/ValidatePostSize->handle(Object(Illuminate/Http/Request), Object(Closure))
#39 C:/xampp/htdocs/ScoreTime_FullStack_V1.3/backend-laravel/vendor/laravel/framework/src/Illuminate/Foundation/Http/Middleware/PreventRequestsDuringMaintenance.php(109): Illuminate/Pipeline/Pipeline->Illuminate/Pipeline/{closure}(Object(Illuminate/Http/Request))
#40 C:/xampp/htdocs/ScoreTime_FullStack_V1.3/backend-laravel/vendor/laravel/framework/src/Illuminate/Pipeline/Pipeline.php(219): Illuminate/Foundation/Http/Middleware/PreventRequestsDuringMaintenance->handle(Object(Illuminate/Http/Request), Object(Closure))
#41 C:/xampp/htdocs/ScoreTime_FullStack_V1.3/backend-laravel/vendor/laravel/framework/src/Illuminate/Http/Middleware/HandleCors.php(61): Illuminate/Pipeline/Pipeline->Illuminate/Pipeline/{closure}(Object(Illuminate/Http/Request))
#42 C:/xampp/htdocs/ScoreTime_FullStack_V1.3/backend-laravel/vendor/laravel/framework/src/Illuminate/Pipeline/Pipeline.php(219): Illuminate/Http/Middleware/HandleCors->handle(Object(Illuminate/Http/Request), Object(Closure))
#43 C:/xampp/htdocs/ScoreTime_FullStack_V1.3/backend-laravel/vendor/laravel/framework/src/Illuminate/Http/Middleware/TrustProxies.php(58): Illuminate/Pipeline/Pipeline->Illuminate/Pipeline/{closure}(Object(Illuminate/Http/Request))
#44 C:/xampp/htdocs/ScoreTime_FullStack_V1.3/backend-laravel/vendor/laravel/framework/src/Illuminate/Pipeline/Pipeline.php(219): Illuminate/Http/Middleware/TrustProxies->handle(Object(Illuminate/Http/Request), Object(Closure))
#45 C:/xampp/htdocs/ScoreTime_FullStack_V1.3/backend-laravel/vendor/laravel/framework/src/Illuminate/Foundation/Http/Middleware/InvokeDeferredCallbacks.php(22): Illuminate/Pipeline/Pipeline->Illuminate/Pipeline/{closure}(Object(Illuminate/Http/Request))
#46 C:/xampp/htdocs/ScoreTime_FullStack_V1.3/backend-laravel/vendor/laravel/framework/src/Illuminate/Pipeline/Pipeline.php(219): Illuminate/Foundation/Http/Middleware/InvokeDeferredCallbacks->handle(Object(Illuminate/Http/Request), Object(Closure))
#47 C:/xampp/htdocs/ScoreTime_FullStack_V1.3/backend-laravel/vendor/laravel/framework/src/Illuminate/Http/Middleware/ValidatePathEncoding.php(26): Illuminate/Pipeline/Pipeline->Illuminate/Pipeline/{closure}(Object(Illuminate/Http/Request))
#48 C:/xampp/htdocs/ScoreTime_FullStack_V1.3/backend-laravel/vendor/laravel/framework/src/Illuminate/Pipeline/Pipeline.php(219): Illuminate/Http/Middleware/ValidatePathEncoding->handle(Object(Illuminate/Http/Request), Object(Closure))
#49 C:/xampp/htdocs/ScoreTime_FullStack_V1.3/backend-laravel/vendor/laravel/framework/src/Illuminate/Pipeline/Pipeline.php(137): Illuminate/Pipeline/Pipeline->Illuminate/Pipeline/{closure}(Object(Illuminate/Http/Request))
#50 C:/xampp/htdocs/ScoreTime_FullStack_V1.3/backend-laravel/vendor/laravel/framework/src/Illuminate/Foundation/Http/Kernel.php(175): Illuminate/Pipeline/Pipeline->then(Object(Closure))
#51 C:/xampp/htdocs/ScoreTime_FullStack_V1.3/backend-laravel/vendor/laravel/framework/src/Illuminate/Foundation/Http/Kernel.php(144): Illuminate/Foundation/Http/Kernel->sendRequestThroughRouter(Object(Illuminate/Http/Request))
#52 C:/xampp/htdocs/ScoreTime_FullStack_V1.3/backend-laravel/vendor/laravel/framework/src/Illuminate/Foundation/Application.php(1220): Illuminate/Foundation/Http/Kernel->handle(Object(Illuminate/Http/Request))
#53 C:/xampp/htdocs/ScoreTime_FullStack_V1.3/backend-laravel/public/index.php(17): Illuminate/Foundation/Application->handleRequest(Object(Illuminate/Http/Request))
#54 C:/xampp/htdocs/ScoreTime_FullStack_V1.3/backend-laravel/vendor/laravel/framework/src/Illuminate/Foundation/resources/server.php(23): require_once('C://xampp//htdocs...')
#55 {main}
"} 
